Official 1,Official 2,Official 3,Official 1 Name,Official 2 Name,Official 3 Name,GAME_ID
201639,1627541,1627962,Josh Tiven,Natalie Sago,Jacyn Goble,0022100001
2882,200834,1626300,Sean Wright,Mark Lindsay,Ray Acosta,0022100002
1179,1198,1627524,Rodney Mott,Scott Wall,Nate Green,0022100003
1204,204059,1628159,Derek Richardson,Tyler Ford,Mousa Dagher,0022100004
1162,2530,203177,Scott Foster,Ed Malloy,Lauren Holtkamp,0022100005
1662,200833,1628951,Bill Kennedy,Eric Dalen,John Butler,0022100006
1193,202041,1627519,Michael Smith,Kevin Scott,John Conley,0022100007
200832,202027,1628481,Curtis Blair,Tre Maddox,Simone Jelks,0022100008
2004,202026,1628487,Courtney Kirkland,Karl Lane,Danielle Scott,0022100009
1151,202049,1628954,Sean Corbin,Ben Taylor,Jenna Schroeder,0022100010
2534,200834,1626300,Zach Zarba,Mark Lindsay,Ray Acosta,0022100011
1201,1830,201246,Leon Wood,Marc Davis,Kevin Cutler,0022100012
2882,202007,1627963,Sean Wright,Nick Buchert,Phenizee Ransom,0022100013
1148,202053,203592,James Capers,Scott Twardoski,Dedric Taylor,0022100014
2714,203591,1627964,David Guthrie,Mitchell Ervin,Jonathan Sterling,0022100015
1199,2534,203593,Tom Washington,Zach Zarba,Justin Van Duyne,0022100016
1662,200833,1628951,Bill Kennedy,Eric Dalen,John Butler,0022100017
1155,1179,1363,JB DeRosa,Rodney Mott,Bennie Adams,0022100018
2715,204058,1628159,Eric Lewis,Gediminas Petraitis,Mousa Dagher,0022100019
1204,101283,200832,Derek Richardson,Brian Forte,Curtis Blair,0022100020
2714,201245,202027,David Guthrie,Marat Kogut,Tre Maddox,0022100021
1162,1627962,1628171,Scott Foster,Jacyn Goble,Brandon Schwab,0022100022
1151,2004,1628487,Sean Corbin,Courtney Kirkland,Danielle Scott,0022100023
2882,200834,1627963,Sean Wright,Mark Lindsay,Phenizee Ransom,0022100024
1146,202007,203593,Tony Brothers,Nick Buchert,Justin Van Duyne,0022100025
201246,201638,202037,Kevin Cutler,Brent Barnaky,J.T. Orr,0022100026
1198,200832,1627524,Scott Wall,Curtis Blair,Nate Green,0022100027
1193,202058,1627519,Michael Smith,James Williams,John Conley,0022100028
201639,1626302,1627534,Josh Tiven,Aaron Smith,Andy Nagy,0022100029
2003,200833,1626300,Pat Fraher,Eric Dalen,Ray Acosta,0022100030
2005,202041,204058,Matt Boland,Kevin Scott,Gediminas Petraitis,0022100031
2530,202026,202053,Ed Malloy,Karl Lane,Scott Twardoski,0022100032
1199,2534,1628954,Tom Washington,Zach Zarba,Jenna Schroeder,0022100033
1146,202007,202035,Tony Brothers,Nick Buchert,Brett Nansel,0022100034
1148,1204,1627529,James Capers,Derek Richardson,Suyash Mehta,0022100035
1662,202027,1628951,Bill Kennedy,Tre Maddox,John Butler,0022100036
1155,1363,202049,JB DeRosa,Bennie Adams,Ben Taylor,0022100037
1179,1627962,1627963,Rodney Mott,Jacyn Goble,Phenizee Ransom,0022100038
2002,201638,1628954,Derrick Collins,Brent Barnaky,Jenna Schroeder,0022100039
1830,201246,1627961,Marc Davis,Kevin Cutler,Brandon Adair,0022100040
2004,2005,202901,Courtney Kirkland,Matt Boland,Matt Myers,0022100041
1201,200834,202056,Leon Wood,Mark Lindsay,CJ Washington,0022100042
201639,1626302,1627964,Josh Tiven,Aaron Smith,Jonathan Sterling,0022100043
1198,204059,1626300,Scott Wall,Tyler Ford,Ray Acosta,0022100044
202041,203592,1628172,Kevin Scott,Dedric Taylor,Evan Scott,0022100045
1193,202058,1627529,Michael Smith,James Williams,Suyash Mehta,0022100046
2530,200833,1627524,Ed Malloy,Eric Dalen,Nate Green,0022100047
1146,1199,202007,Tony Brothers,Tom Washington,Nick Buchert,0022100048
2715,201638,1627541,Eric Lewis,Brent Barnaky,Natalie Sago,0022100049
202035,202058,203591,Brett Nansel,James Williams,Mitchell Ervin,0022100050
1155,201245,202049,JB DeRosa,Marat Kogut,Ben Taylor,0022100051
2882,203593,1627519,Sean Wright,Justin Van Duyne,John Conley,0022100052
101283,200832,1627534,Brian Forte,Curtis Blair,Andy Nagy,0022100053
2002,2714,1627961,Derrick Collins,David Guthrie,Brandon Adair,0022100054
1198,201639,1628487,Scott Wall,Josh Tiven,Danielle Scott,0022100055
1148,1193,1201,James Capers,Michael Smith,Leon Wood,0022100056
2530,1627962,1628171,Ed Malloy,Jacyn Goble,Brandon Schwab,0022100057
1830,2005,202026,Marc Davis,Matt Boland,Karl Lane,0022100058
2003,101283,1628172,Pat Fraher,Brian Forte,Evan Scott,0022100059
2534,202901,203592,Zach Zarba,Matt Myers,Dedric Taylor,0022100060
1162,203177,204058,Scott Foster,Lauren Holtkamp,Gediminas Petraitis,0022100061
2715,1627529,1627541,Eric Lewis,Suyash Mehta,Natalie Sago,0022100062
1179,202037,202053,Rodney Mott,J.T. Orr,Scott Twardoski,0022100063
2002,202027,1628159,Derrick Collins,Tre Maddox,Mousa Dagher,0022100064
1155,1199,1627534,JB DeRosa,Tom Washington,Andy Nagy,0022100065
1204,202049,202056,Derek Richardson,Ben Taylor,CJ Washington,0022100066
2714,203593,1627524,David Guthrie,Justin Van Duyne,Nate Green,0022100067
200832,201245,203591,Curtis Blair,Marat Kogut,Mitchell Ervin,0022100068
1151,204059,1627961,Sean Corbin,Tyler Ford,Brandon Adair,0022100069
1662,200833,1627964,Bill Kennedy,Eric Dalen,Jonathan Sterling,0022100070
1148,1201,202035,James Capers,Leon Wood,Brett Nansel,0022100071
2882,203592,1627963,Sean Wright,Dedric Taylor,Phenizee Ransom,0022100072
1146,101283,1626302,Tony Brothers,Brian Forte,Aaron Smith,0022100073
202041,202901,203591,Kevin Scott,Matt Myers,Mitchell Ervin,0022100074
1162,1363,202037,Scott Foster,Bennie Adams,J.T. Orr,0022100075
2004,200833,1627529,Courtney Kirkland,Eric Dalen,Suyash Mehta,0022100076
2715,1627541,1628951,Eric Lewis,Natalie Sago,John Butler,0022100077
1155,2534,1627519,JB DeRosa,Zach Zarba,John Conley,0022100078
1830,203177,1628171,Marc Davis,Lauren Holtkamp,Brandon Schwab,0022100079
200832,202056,204058,Curtis Blair,CJ Washington,Gediminas Petraitis,0022100080
1199,202007,1628954,Tom Washington,Nick Buchert,Jenna Schroeder,0022100081
1193,2530,1627963,Michael Smith,Ed Malloy,Phenizee Ransom,0022100082
1198,202901,204059,Scott Wall,Matt Myers,Tyler Ford,0022100083
1204,201638,201639,Derek Richardson,Brent Barnaky,Josh Tiven,0022100084
2005,202058,1628172,Matt Boland,James Williams,Evan Scott,0022100085
1662,202027,1627524,Bill Kennedy,Tre Maddox,Nate Green,0022100086
201246,203593,1626300,Kevin Cutler,Justin Van Duyne,Ray Acosta,0022100087
1151,1179,1627964,Sean Corbin,Rodney Mott,Jonathan Sterling,0022100088
2002,2003,1628159,Derrick Collins,Pat Fraher,Mousa Dagher,0022100089
1148,203592,1627519,James Capers,Dedric Taylor,John Conley,0022100090
1162,1201,202035,Scott Foster,Leon Wood,Brett Nansel,0022100091
200834,202053,1626302,Mark Lindsay,Scott Twardoski,Aaron Smith,0022100092
2004,200833,1627524,Courtney Kirkland,Eric Dalen,Nate Green,0022100093
2003,202007,1628171,Pat Fraher,Nick Buchert,Brandon Schwab,0022100094
2714,1627962,1628487,David Guthrie,Jacyn Goble,Danielle Scott,0022100095
1198,202049,1628172,Scott Wall,Ben Taylor,Evan Scott,0022100096
1830,1627529,1627961,Marc Davis,Suyash Mehta,Brandon Adair,0022100097
2530,1626300,1627541,Ed Malloy,Ray Acosta,Natalie Sago,0022100098
201245,201246,1627963,Marat Kogut,Kevin Cutler,Phenizee Ransom,0022100099
2005,200832,1628954,Matt Boland,Curtis Blair,Jenna Schroeder,0022100100
203591,204059,1627534,Mitchell Ervin,Tyler Ford,Andy Nagy,0022100101
1151,202058,1627964,Sean Corbin,James Williams,Jonathan Sterling,0022100102
101283,201245,1628951,Brian Forte,Marat Kogut,John Butler,0022100103
1179,202035,203592,Rodney Mott,Brett Nansel,Dedric Taylor,0022100104
1193,1662,1627524,Michael Smith,Bill Kennedy,Nate Green,0022100105
2004,203177,203593,Courtney Kirkland,Lauren Holtkamp,Justin Van Duyne,0022100106
1155,202058,1627964,JB DeRosa,James Williams,Jonathan Sterling,0022100107
2534,1626300,1628487,Zach Zarba,Ray Acosta,Danielle Scott,0022100108
1363,202049,1626302,Bennie Adams,Ben Taylor,Aaron Smith,0022100109
2882,1627539,1627961,Sean Wright,Tyler Ricks,Brandon Adair,0022100110
101283,202037,202053,Brian Forte,J.T. Orr,Scott Twardoski,0022100111
200834,1627541,1628172,Mark Lindsay,Natalie Sago,Evan Scott,0022100112
2005,201638,201639,Matt Boland,Brent Barnaky,Josh Tiven,0022100113
1199,202026,1628171,Tom Washington,Karl Lane,Brandon Schwab,0022100114
1830,2002,1628954,Marc Davis,Derrick Collins,Jenna Schroeder,0022100115
2715,202056,204058,Eric Lewis,CJ Washington,Gediminas Petraitis,0022100116
1155,1204,202041,JB DeRosa,Derek Richardson,Kevin Scott,0022100117
1146,1151,1627534,Tony Brothers,Sean Corbin,Andy Nagy,0022100118
2003,202027,1626300,Pat Fraher,Tre Maddox,Ray Acosta,0022100119
2002,200834,1628951,Derrick Collins,Mark Lindsay,John Butler,0022100120
1162,202007,203591,Scott Foster,Nick Buchert,Mitchell Ervin,0022100121
1148,1193,1627534,James Capers,Michael Smith,Andy Nagy,0022100122
202041,203177,1627519,Kevin Scott,Lauren Holtkamp,John Conley,0022100123
1363,2715,101283,Bennie Adams,Eric Lewis,Brian Forte,0022100124
2534,202007,1627961,Zach Zarba,Nick Buchert,Brandon Adair,0022100125
201246,204058,1627963,Kevin Cutler,Gediminas Petraitis,Phenizee Ransom,0022100126
200832,202037,1628954,Curtis Blair,J.T. Orr,Jenna Schroeder,0022100127
1199,2530,202053,Tom Washington,Ed Malloy,Scott Twardoski,0022100128
201245,202049,202056,Marat Kogut,Ben Taylor,CJ Washington,0022100129
1201,2714,1627962,Leon Wood,David Guthrie,Jacyn Goble,0022100130
1146,1151,203593,Tony Brothers,Sean Corbin,Justin Van Duyne,0022100131
1179,204059,1628487,Rodney Mott,Tyler Ford,Danielle Scott,0022100132
201639,203177,1628172,Josh Tiven,Lauren Holtkamp,Evan Scott,0022100133
2534,1626300,1627961,Zach Zarba,Ray Acosta,Brandon Adair,0022100134
1662,202035,203592,Bill Kennedy,Brett Nansel,Dedric Taylor,0022100135
1198,202027,1628951,Scott Wall,Tre Maddox,John Butler,0022100136
202026,202041,1627519,Karl Lane,Kevin Scott,John Conley,0022100137
1148,1193,1627534,James Capers,Michael Smith,Andy Nagy,0022100138
101283,201246,1627524,Brian Forte,Kevin Cutler,Nate Green,0022100139
2003,1627529,1627541,Pat Fraher,Suyash Mehta,Natalie Sago,0022100140
2004,202037,202056,Courtney Kirkland,J.T. Orr,CJ Washington,0022100141
1155,1162,1627964,JB DeRosa,Scott Foster,Jonathan Sterling,0022100142
2882,201245,203591,Sean Wright,Marat Kogut,Mitchell Ervin,0022100143
1363,2002,202058,Bennie Adams,Derrick Collins,James Williams,0022100144
1146,202053,204059,Tony Brothers,Scott Twardoski,Tyler Ford,0022100145
2714,202901,1627962,David Guthrie,Matt Myers,Jacyn Goble,0022100146
1198,1830,201638,Scott Wall,Marc Davis,Brent Barnaky,0022100147
1155,202027,202035,JB DeRosa,Tre Maddox,Brett Nansel,0022100148
1201,1662,203592,Leon Wood,Bill Kennedy,Dedric Taylor,0022100149
200834,202007,203177,Mark Lindsay,Nick Buchert,Lauren Holtkamp,0022100150
1193,202041,1627519,Michael Smith,Kevin Scott,John Conley,0022100151
1148,201245,202901,James Capers,Marat Kogut,Matt Myers,0022100152
201639,1627962,1628172,Josh Tiven,Jacyn Goble,Evan Scott,0022100153
2882,202026,202053,Sean Wright,Karl Lane,Scott Twardoski,0022100154
1151,2715,1626302,Sean Corbin,Eric Lewis,Aaron Smith,0022100155
1204,200832,203591,Derek Richardson,Curtis Blair,Mitchell Ervin,0022100156
2714,204059,1626300,David Guthrie,Tyler Ford,Ray Acosta,0022100157
202027,1627524,1627961,Tre Maddox,Nate Green,Brandon Adair,0022100158
1198,202049,1628171,Scott Wall,Ben Taylor,Brandon Schwab,0022100159
2003,201638,202056,Pat Fraher,Brent Barnaky,CJ Washington,0022100160
101283,202058,1627963,Brian Forte,James Williams,Phenizee Ransom,0022100161
1179,203592,204058,Rodney Mott,Dedric Taylor,Gediminas Petraitis,0022100162
1193,2534,203054,Michael Smith,Zach Zarba,Cheryl Flores,0022100163
1146,2002,202035,Tony Brothers,Derrick Collins,Brett Nansel,0022100164
1162,1627541,1628954,Scott Foster,Natalie Sago,Jenna Schroeder,0022100165
1199,1201,202901,Tom Washington,Leon Wood,Matt Myers,0022100166
1662,1627962,1627964,Bill Kennedy,Jacyn Goble,Jonathan Sterling,0022100167
1363,200832,203591,Bennie Adams,Curtis Blair,Mitchell Ervin,0022100168
2882,202026,1628951,Sean Wright,Karl Lane,John Butler,0022100169
201245,201639,202037,Marat Kogut,Josh Tiven,J.T. Orr,0022100170
200834,1627529,1627961,Mark Lindsay,Suyash Mehta,Brandon Adair,0022100171
2530,204059,1626300,Ed Malloy,Tyler Ford,Ray Acosta,0022100172
1148,201246,1628159,James Capers,Kevin Cutler,Mousa Dagher,0022100173
202027,202056,204058,Tre Maddox,CJ Washington,Gediminas Petraitis,0022100174
2004,203592,1627524,Courtney Kirkland,Dedric Taylor,Nate Green,0022100175
1162,201638,1628484,Scott Foster,Brent Barnaky,Dannica Mosher,0022100176
1146,2005,1628954,Tony Brothers,Matt Boland,Jenna Schroeder,0022100177
2714,200834,1627964,David Guthrie,Mark Lindsay,Jonathan Sterling,0022100178
1199,1627541,1627963,Tom Washington,Natalie Sago,Phenizee Ransom,0022100179
1830,203593,1626302,Marc Davis,Justin Van Duyne,Aaron Smith,0022100180
1155,1179,1628172,JB DeRosa,Rodney Mott,Evan Scott,0022100181
2882,202026,1626300,Sean Wright,Karl Lane,Ray Acosta,0022100182
201639,202007,202037,Josh Tiven,Nick Buchert,J.T. Orr,0022100183
1204,200832,202035,Derek Richardson,Curtis Blair,Brett Nansel,0022100184
1198,1363,2003,Scott Wall,Bennie Adams,Pat Fraher,0022100185
202041,203591,1628951,Kevin Scott,Mitchell Ervin,John Butler,0022100186
1151,1193,1627529,Sean Corbin,Michael Smith,Suyash Mehta,0022100187
1155,202049,202053,JB DeRosa,Ben Taylor,Scott Twardoski,0022100188
2715,1627534,1627962,Eric Lewis,Andy Nagy,Jacyn Goble,0022100189
202058,204058,1627519,James Williams,Gediminas Petraitis,John Conley,0022100190
2530,202007,1628171,Ed Malloy,Nick Buchert,Brandon Schwab,0022100191
1662,201246,1628487,Bill Kennedy,Kevin Cutler,Danielle Scott,0022100192
1146,201245,203593,Tony Brothers,Marat Kogut,Justin Van Duyne,0022100193
2714,200834,1628485,David Guthrie,Mark Lindsay,Jamahl Ralls,0022100194
2002,101283,202053,Derrick Collins,Brian Forte,Scott Twardoski,0022100195
1179,1626300,1628172,Rodney Mott,Ray Acosta,Evan Scott,0022100196
1204,1830,202035,Derek Richardson,Marc Davis,Brett Nansel,0022100197
1201,2005,200832,Leon Wood,Matt Boland,Curtis Blair,0022100198
1146,201245,1627963,Tony Brothers,Marat Kogut,Phenizee Ransom,0022100199
2534,1627961,1628954,Zach Zarba,Brandon Adair,Jenna Schroeder,0022100200
2882,202026,202901,Sean Wright,Karl Lane,Matt Myers,0022100201
201640,204058,1627534,Kane Fitzgerald,Gediminas Petraitis,Andy Nagy,0022100202
1151,1155,203177,Sean Corbin,JB DeRosa,Lauren Holtkamp,0022100203
2002,202041,202056,Derrick Collins,Kevin Scott,CJ Washington,0022100204
204059,1627541,1628951,Tyler Ford,Natalie Sago,John Butler,0022100205
1148,203054,1626302,James Capers,Cheryl Flores,Aaron Smith,0022100206
2004,201638,1627526,Courtney Kirkland,Brent Barnaky,Matt Kallio,0022100207
2530,202007,1628171,Ed Malloy,Nick Buchert,Brandon Schwab,0022100208
1198,1363,2003,Scott Wall,Bennie Adams,Pat Fraher,0022100209
2715,203591,203593,Eric Lewis,Mitchell Ervin,Justin Van Duyne,0022100210
1162,2005,201246,Scott Foster,Matt Boland,Kevin Cutler,0022100211
1830,202053,203592,Marc Davis,Scott Twardoski,Dedric Taylor,0022100212
201640,1626300,1628484,Kane Fitzgerald,Ray Acosta,Dannica Mosher,0022100213
1148,1193,202901,James Capers,Michael Smith,Matt Myers,0022100214
1201,2534,1627529,Leon Wood,Zach Zarba,Suyash Mehta,0022100215
202026,202049,1627534,Karl Lane,Ben Taylor,Andy Nagy,0022100216
101283,201245,1627964,Brian Forte,Marat Kogut,Jonathan Sterling,0022100217
1204,2004,1627524,Derek Richardson,Courtney Kirkland,Nate Green,0022100218
2714,201638,1627961,David Guthrie,Brent Barnaky,Brandon Adair,0022100219
200834,202058,1628951,Mark Lindsay,James Williams,John Butler,0022100220
1199,202037,202056,Tom Washington,J.T. Orr,CJ Washington,0022100221
1198,2003,202027,Scott Wall,Pat Fraher,Tre Maddox,0022100222
1162,1627541,1628159,Scott Foster,Natalie Sago,Mousa Dagher,0022100223
1363,2530,203177,Bennie Adams,Ed Malloy,Lauren Holtkamp,0022100224
202007,1627962,1628171,Nick Buchert,Jacyn Goble,Brandon Schwab,0022100225
2534,203591,1627519,Zach Zarba,Mitchell Ervin,John Conley,0022100226
1151,2005,1627961,Sean Corbin,Matt Boland,Brandon Adair,0022100227
2003,202053,1628951,Pat Fraher,Scott Twardoski,John Butler,0022100228
1830,203592,1627541,Marc Davis,Dedric Taylor,Natalie Sago,0022100229
101283,201245,203593,Brian Forte,Marat Kogut,Justin Van Duyne,0022100230
201638,201639,1627524,Brent Barnaky,Josh Tiven,Nate Green,0022100231
2882,204059,1626300,Sean Wright,Tyler Ford,Ray Acosta,0022100232
1201,200832,1627964,Leon Wood,Curtis Blair,Jonathan Sterling,0022100233
2715,202901,204058,Eric Lewis,Matt Myers,Gediminas Petraitis,0022100234
1148,1198,1627529,James Capers,Scott Wall,Suyash Mehta,0022100235
1155,202053,202058,JB DeRosa,Scott Twardoski,James Williams,0022100236
1662,201246,1628172,Bill Kennedy,Kevin Cutler,Evan Scott,0022100237
1179,202035,1626302,Rodney Mott,Brett Nansel,Aaron Smith,0022100238
1363,200832,202026,Bennie Adams,Curtis Blair,Karl Lane,0022100239
201639,1627961,1628954,Josh Tiven,Brandon Adair,Jenna Schroeder,0022100240
1162,1627534,1627962,Scott Foster,Andy Nagy,Jacyn Goble,0022100241
2004,101283,1628171,Courtney Kirkland,Brian Forte,Brandon Schwab,0022100242
1204,200834,202007,Derek Richardson,Mark Lindsay,Nick Buchert,0022100243
1151,203591,1626300,Sean Corbin,Mitchell Ervin,Ray Acosta,0022100244
202049,204058,1627529,Ben Taylor,Gediminas Petraitis,Suyash Mehta,0022100245
1830,202035,203592,Marc Davis,Brett Nansel,Dedric Taylor,0022100246
202027,203177,1628159,Tre Maddox,Lauren Holtkamp,Mousa Dagher,0022100247
1155,202058,1627524,JB DeRosa,James Williams,Nate Green,0022100248
1162,203593,1627963,Scott Foster,Justin Van Duyne,Phenizee Ransom,0022100249
2882,201245,1627964,Sean Wright,Marat Kogut,Jonathan Sterling,0022100250
201640,1627541,1628159,Kane Fitzgerald,Natalie Sago,Mousa Dagher,0022100251
1662,1626302,1628172,Bill Kennedy,Aaron Smith,Evan Scott,0022100252
2004,203593,1628954,Courtney Kirkland,Justin Van Duyne,Jenna Schroeder,0022100253
1204,200834,1627519,Derek Richardson,Mark Lindsay,John Conley,0022100254
2005,200832,1627963,Matt Boland,Curtis Blair,Phenizee Ransom,0022100255
1193,101283,202901,Michael Smith,Brian Forte,Matt Myers,0022100256
1201,2003,1628485,Leon Wood,Pat Fraher,Jamahl Ralls,0022100257
1179,1627529,1627962,Rodney Mott,Suyash Mehta,Jacyn Goble,0022100258
201638,204059,1628487,Brent Barnaky,Tyler Ford,Danielle Scott,0022100259
202027,203591,1627534,Tre Maddox,Mitchell Ervin,Andy Nagy,0022100260
202035,202058,203592,Brett Nansel,James Williams,Dedric Taylor,0022100261
1155,201246,1628951,JB DeRosa,Kevin Cutler,John Butler,0022100262
2530,202026,1627526,Ed Malloy,Karl Lane,Matt Kallio,0022100263
1198,201639,202007,Scott Wall,Josh Tiven,Nick Buchert,0022100264
2714,1626302,1627961,David Guthrie,Aaron Smith,Brandon Adair,0022100265
201640,202053,1627541,Kane Fitzgerald,Scott Twardoski,Natalie Sago,0022100266
1151,1626300,1627529,Sean Corbin,Ray Acosta,Suyash Mehta,0022100267
1179,202026,1627526,Rodney Mott,Karl Lane,Matt Kallio,0022100268
202901,203177,204059,Matt Myers,Lauren Holtkamp,Tyler Ford,0022100269
1146,2005,1628172,Tony Brothers,Matt Boland,Evan Scott,0022100270
201638,202027,1627963,Brent Barnaky,Tre Maddox,Phenizee Ransom,0022100271
1148,203591,1628480,James Capers,Mitchell Ervin,Robert Hussey,0022100272
1662,201246,1628487,Bill Kennedy,Kevin Cutler,Danielle Scott,0022100273
1193,200832,1627534,Michael Smith,Curtis Blair,Andy Nagy,0022100274
2715,203054,203592,Eric Lewis,Cheryl Flores,Dedric Taylor,0022100275
1830,201245,1628171,Marc Davis,Marat Kogut,Brandon Schwab,0022100276
202041,204058,1627962,Kevin Scott,Gediminas Petraitis,Jacyn Goble,0022100277
201640,202049,1627961,Kane Fitzgerald,Ben Taylor,Brandon Adair,0022100278
2002,202058,1627964,Derrick Collins,James Williams,Jonathan Sterling,0022100279
101283,1627961,1628159,Brian Forte,Brandon Adair,Mousa Dagher,0022100280
1162,1198,1628480,Scott Foster,Scott Wall,Robert Hussey,0022100281
1179,2005,202037,Rodney Mott,Matt Boland,J.T. Orr,0022100282
2715,201246,1628168,Eric Lewis,Kevin Cutler,Jenna Reneau,0022100283
1363,1662,200834,Bennie Adams,Bill Kennedy,Mark Lindsay,0022100284
1193,2882,1628487,Michael Smith,Sean Wright,Danielle Scott,0022100285
2002,201245,202027,Derrick Collins,Marat Kogut,Tre Maddox,0022100286
1830,203177,1627963,Marc Davis,Lauren Holtkamp,Phenizee Ransom,0022100287
201639,204058,1627964,Josh Tiven,Gediminas Petraitis,Jonathan Sterling,0022100288
1204,202041,203593,Derek Richardson,Kevin Scott,Justin Van Duyne,0022100289
1201,2534,1627534,Leon Wood,Zach Zarba,Andy Nagy,0022100290
2714,202035,202049,David Guthrie,Brett Nansel,Ben Taylor,0022100291
1151,203591,1627962,Sean Corbin,Mitchell Ervin,Jacyn Goble,0022100292
2530,201246,1628168,Ed Malloy,Kevin Cutler,Jenna Reneau,0022100293
1155,2003,1626302,JB DeRosa,Pat Fraher,Aaron Smith,0022100294
1148,1199,1628172,James Capers,Tom Washington,Evan Scott,0022100295
202058,203592,1628487,James Williams,Dedric Taylor,Danielle Scott,0022100296
2004,1626300,1628954,Courtney Kirkland,Ray Acosta,Jenna Schroeder,0022100297
101284,202026,1628171,John Goble,Karl Lane,Brandon Schwab,0022100298
2714,202049,1627964,David Guthrie,Ben Taylor,Jonathan Sterling,0022100299
101283,202041,204058,Brian Forte,Kevin Scott,Gediminas Petraitis,0022100300
1198,2882,1628480,Scott Wall,Sean Wright,Robert Hussey,0022100301
1162,1193,1628484,Scott Foster,Michael Smith,Dannica Mosher,0022100302
201638,202027,203177,Brent Barnaky,Tre Maddox,Lauren Holtkamp,0022100303
1204,2534,1627534,Derek Richardson,Zach Zarba,Andy Nagy,0022100304
2005,200832,202007,Matt Boland,Curtis Blair,Nick Buchert,0022100305
2003,201246,1626302,Pat Fraher,Kevin Cutler,Aaron Smith,0022100306
1146,1627529,1627962,Tony Brothers,Suyash Mehta,Jacyn Goble,0022100307
101284,203591,1627539,John Goble,Mitchell Ervin,Tyler Ricks,0022100308
2715,202037,1627964,Eric Lewis,J.T. Orr,Jonathan Sterling,0022100309
201245,201638,204059,Marat Kogut,Brent Barnaky,Tyler Ford,0022100310
2002,2004,202035,Derrick Collins,Courtney Kirkland,Brett Nansel,0022100311
201639,202026,1628951,Josh Tiven,Karl Lane,John Butler,0022100312
1201,1363,2534,Leon Wood,Bennie Adams,Zach Zarba,0022100313
1162,200834,1626301,Scott Foster,Mark Lindsay,Jason Goldenberg,0022100314
1179,1199,1627519,Rodney Mott,Tom Washington,John Conley,0022100315
1204,201639,202026,Derek Richardson,Josh Tiven,Karl Lane,0022100316
202041,203593,204058,Kevin Scott,Justin Van Duyne,Gediminas Petraitis,0022100317
1662,101283,1628159,Bill Kennedy,Brian Forte,Mousa Dagher,0022100318
1146,201638,1628484,Tony Brothers,Brent Barnaky,Dannica Mosher,0022100319
202058,203592,1627529,James Williams,Dedric Taylor,Suyash Mehta,0022100320
2882,203177,1627961,Sean Wright,Lauren Holtkamp,Brandon Adair,0022100321
1155,201640,1626302,JB DeRosa,Kane Fitzgerald,Aaron Smith,0022100322
1151,2714,1627964,Sean Corbin,David Guthrie,Jonathan Sterling,0022100323
1148,202035,1627541,James Capers,Brett Nansel,Natalie Sago,0022100324
1830,202037,1627534,Marc Davis,J.T. Orr,Andy Nagy,0022100325
2534,202056,203591,Zach Zarba,CJ Washington,Mitchell Ervin,0022100326
2002,2004,1628480,Derrick Collins,Courtney Kirkland,Robert Hussey,0022100327
202049,204059,1627541,Ben Taylor,Tyler Ford,Natalie Sago,0022100328
2003,200832,203054,Pat Fraher,Curtis Blair,Cheryl Flores,0022100329
201639,202026,1628172,Josh Tiven,Karl Lane,Evan Scott,0022100330
1193,2715,202901,Michael Smith,Eric Lewis,Matt Myers,0022100331
101283,202027,1627963,Brian Forte,Tre Maddox,Phenizee Ransom,0022100332
1155,202035,202058,JB DeRosa,Brett Nansel,James Williams,0022100333
2005,101284,202056,Matt Boland,John Goble,CJ Washington,0022100334
2714,204059,1628159,David Guthrie,Tyler Ford,Mousa Dagher,0022100335
201640,202007,203592,Kane Fitzgerald,Nick Buchert,Dedric Taylor,0022100336
2882,200834,201245,Sean Wright,Mark Lindsay,Marat Kogut,0022100337
1146,1627961,1627962,Tony Brothers,Brandon Adair,Jacyn Goble,0022100338
1201,2002,2004,Leon Wood,Derrick Collins,Courtney Kirkland,0022100339
1363,1662,202037,Bennie Adams,Bill Kennedy,J.T. Orr,0022100340
2715,201246,203593,Eric Lewis,Kevin Cutler,Justin Van Duyne,0022100341
1199,201638,1627534,Tom Washington,Brent Barnaky,Andy Nagy,0022100342
1830,203591,204058,Marc Davis,Mitchell Ervin,Gediminas Petraitis,0022100343
1204,202027,202041,Derek Richardson,Tre Maddox,Kevin Scott,0022100344
2882,200834,1627529,Sean Wright,Mark Lindsay,Suyash Mehta,0022100345
1148,1151,1628480,James Capers,Sean Corbin,Robert Hussey,0022100346
1179,201246,202901,Rodney Mott,Kevin Cutler,Matt Myers,0022100347
1162,1193,1627963,Scott Foster,Michael Smith,Phenizee Ransom,0022100348
2003,200832,1627526,Pat Fraher,Curtis Blair,Matt Kallio,0022100349
2534,101283,1626302,Zach Zarba,Brian Forte,Aaron Smith,0022100350
201640,204059,1628159,Kane Fitzgerald,Tyler Ford,Mousa Dagher,0022100351
2002,2715,1628168,Derrick Collins,Eric Lewis,Jenna Reneau,0022100352
201639,1627961,1627962,Josh Tiven,Brandon Adair,Jacyn Goble,0022100353
1155,2004,1627519,JB DeRosa,Courtney Kirkland,John Conley,0022100354
1204,2714,203591,Derek Richardson,David Guthrie,Mitchell Ervin,0022100355
1662,101283,1628954,Bill Kennedy,Brian Forte,Jenna Schroeder,0022100356
2882,201246,202007,Sean Wright,Kevin Cutler,Nick Buchert,0022100357
200834,203177,1626301,Mark Lindsay,Lauren Holtkamp,Jason Goldenberg,0022100358
202027,202041,1627963,Tre Maddox,Kevin Scott,Phenizee Ransom,0022100359
202058,203593,1627529,James Williams,Justin Van Duyne,Suyash Mehta,0022100360
1179,1193,1627539,Rodney Mott,Michael Smith,Tyler Ricks,0022100361
1151,202049,1628951,Sean Corbin,Ben Taylor,John Butler,0022100362
1199,2534,1626302,Tom Washington,Zach Zarba,Aaron Smith,0022100363
2002,2715,1628485,Derrick Collins,Eric Lewis,Jamahl Ralls,0022100364
1162,200832,202037,Scott Foster,Curtis Blair,J.T. Orr,0022100365
1204,1662,202026,Derek Richardson,Bill Kennedy,Karl Lane,0022100366
2004,202007,1627964,Courtney Kirkland,Nick Buchert,Jonathan Sterling,0022100367
202058,203054,1627962,James Williams,Cheryl Flores,Jacyn Goble,0022100368
1155,1830,1627961,JB DeRosa,Marc Davis,Brandon Adair,0022100369
201640,203591,203592,Kane Fitzgerald,Mitchell Ervin,Dedric Taylor,0022100370
2714,200834,202056,David Guthrie,Mark Lindsay,CJ Washington,0022100371
201639,204059,1628171,Josh Tiven,Tyler Ford,Brandon Schwab,0022100372
1151,2005,101284,Sean Corbin,Matt Boland,John Goble,0022100373
201246,204058,1627963,Kevin Cutler,Gediminas Petraitis,Phenizee Ransom,0022100374
2534,101283,203177,Zach Zarba,Brian Forte,Lauren Holtkamp,0022100375
1162,200832,203593,Scott Foster,Curtis Blair,Justin Van Duyne,0022100376
202037,202049,1627529,J.T. Orr,Ben Taylor,Suyash Mehta,0022100377
1193,202027,1627534,Michael Smith,Tre Maddox,Andy Nagy,0022100378
1179,1201,201638,Rodney Mott,Leon Wood,Brent Barnaky,0022100379
1199,1363,2003,Tom Washington,Bennie Adams,Pat Fraher,0022100380
202041,204059,1628159,Kevin Scott,Tyler Ford,Mousa Dagher,0022100381
2882,203592,1628951,Sean Wright,Dedric Taylor,John Butler,0022100382
2715,202007,1627526,Eric Lewis,Nick Buchert,Matt Kallio,0022100383
202049,202058,203177,Ben Taylor,James Williams,Lauren Holtkamp,0022100384
2004,202026,1627964,Courtney Kirkland,Karl Lane,Jonathan Sterling,0022100385
2005,2534,202901,Matt Boland,Zach Zarba,Matt Myers,0022100386
1204,2714,1626302,Derek Richardson,David Guthrie,Aaron Smith,0022100387
1662,200832,202056,Bill Kennedy,Curtis Blair,CJ Washington,0022100388
1151,101284,1626300,Sean Corbin,John Goble,Ray Acosta,0022100389
1148,201246,1627541,James Capers,Kevin Cutler,Natalie Sago,0022100390
204059,1627962,1628487,Tyler Ford,Jacyn Goble,Danielle Scott,0022100391
1162,202007,203593,Scott Foster,Nick Buchert,Justin Van Duyne,0022100392
1363,2715,200834,Bennie Adams,Eric Lewis,Mark Lindsay,0022100393
1179,2002,1627519,Rodney Mott,Derrick Collins,John Conley,0022100394
1146,202037,1627529,Tony Brothers,J.T. Orr,Suyash Mehta,0022100395
2530,2714,201245,Ed Malloy,David Guthrie,Marat Kogut,0022100396
1199,201640,1628954,Tom Washington,Kane Fitzgerald,Jenna Schroeder,0022100397
101283,201639,202035,Brian Forte,Josh Tiven,Brett Nansel,0022100398
202026,202041,1626300,Karl Lane,Kevin Scott,Ray Acosta,0022100399
1662,1627541,1628951,Bill Kennedy,Natalie Sago,John Butler,0022100400
2003,203591,203592,Pat Fraher,Mitchell Ervin,Dedric Taylor,0022100401
202053,204059,1627962,Scott Twardoski,Tyler Ford,Jacyn Goble,0022100402
2005,2882,201638,Matt Boland,Sean Wright,Brent Barnaky,0022100403
201245,201639,202056,Marat Kogut,Josh Tiven,CJ Washington,0022100404
1193,2004,1628168,Michael Smith,Courtney Kirkland,Jenna Reneau,0022100405
1201,101284,203177,Leon Wood,John Goble,Lauren Holtkamp,0022100406
1179,2002,1628172,Rodney Mott,Derrick Collins,Evan Scott,0022100407
200832,202037,202041,Curtis Blair,J.T. Orr,Kevin Scott,0022100408
2715,200834,1627534,Eric Lewis,Mark Lindsay,Andy Nagy,0022100409
2003,203591,1628159,Pat Fraher,Mitchell Ervin,Mousa Dagher,0022100410
1146,200833,1628484,Tony Brothers,Eric Dalen,Dannica Mosher,0022100411
1363,201638,201640,Bennie Adams,Brent Barnaky,Kane Fitzgerald,0022100412
2530,202035,202037,Ed Malloy,Brett Nansel,J.T. Orr,0022100413
1151,2534,1626300,Sean Corbin,Zach Zarba,Ray Acosta,0022100414
1193,101283,1628172,Michael Smith,Brian Forte,Evan Scott,0022100415
2005,2882,1627962,Matt Boland,Sean Wright,Jacyn Goble,0022100416
1201,101284,203177,Leon Wood,John Goble,Lauren Holtkamp,0022100417
2003,202026,1627534,Pat Fraher,Karl Lane,Andy Nagy,0022100418
200832,203593,1626302,Curtis Blair,Justin Van Duyne,Aaron Smith,0022100419
101283,201245,202058,Brian Forte,Marat Kogut,James Williams,0022100420
1148,2002,1628171,James Capers,Derrick Collins,Brandon Schwab,0022100421
1193,201639,1628954,Michael Smith,Josh Tiven,Jenna Schroeder,0022100422
1146,204058,1627519,Tony Brothers,Gediminas Petraitis,John Conley,0022100423
200834,202007,203591,Mark Lindsay,Nick Buchert,Mitchell Ervin,0022100424
2882,200833,1628159,Sean Wright,Eric Dalen,Mousa Dagher,0022100425
201638,201640,1628487,Brent Barnaky,Kane Fitzgerald,Danielle Scott,0022100426
2005,201246,1627962,Matt Boland,Kevin Cutler,Jacyn Goble,0022100427
202041,204059,1628480,Kevin Scott,Tyler Ford,Robert Hussey,0022100428
1199,2003,1627541,Tom Washington,Pat Fraher,Natalie Sago,0022100429
1155,201640,1628954,JB DeRosa,Kane Fitzgerald,Jenna Schroeder,0022100430
101283,202049,202053,Brian Forte,Ben Taylor,Scott Twardoski,0022100431
202027,203591,1627963,Tre Maddox,Mitchell Ervin,Phenizee Ransom,0022100432
2715,202037,1627539,Eric Lewis,J.T. Orr,Tyler Ricks,0022100433
1151,201639,203593,Sean Corbin,Josh Tiven,Justin Van Duyne,0022100434
1148,204058,204059,James Capers,Gediminas Petraitis,Tyler Ford,0022100435
101284,203592,1627964,John Goble,Dedric Taylor,Jonathan Sterling,0022100436
201638,201640,203054,Brent Barnaky,Kane Fitzgerald,Cheryl Flores,0022100437
1146,202007,1628487,Tony Brothers,Nick Buchert,Danielle Scott,0022100438
1155,1830,1628159,JB DeRosa,Marc Davis,Mousa Dagher,0022100439
1363,2534,200833,Bennie Adams,Zach Zarba,Eric Dalen,0022100440
1199,201246,1627534,Tom Washington,Kevin Cutler,Andy Nagy,0022100441
2002,202041,1628172,Derrick Collins,Kevin Scott,Evan Scott,0022100442
2882,1627519,1627541,Sean Wright,John Conley,Natalie Sago,0022100443
202027,202058,1627529,Tre Maddox,James Williams,Suyash Mehta,0022100444
2530,201245,1627962,Ed Malloy,Marat Kogut,Jacyn Goble,0022100445
101283,202026,1627964,Brian Forte,Karl Lane,Jonathan Sterling,0022100446
202049,202056,1627961,Ben Taylor,CJ Washington,Brandon Adair,0022100447
1146,204059,1628954,Tony Brothers,Tyler Ford,Jenna Schroeder,0022100448
1151,203592,1627963,Sean Corbin,Dedric Taylor,Phenizee Ransom,0022100449
1193,200832,203591,Michael Smith,Curtis Blair,Mitchell Ervin,0022100450
1201,1830,1628951,Leon Wood,Marc Davis,John Butler,0022100451
2004,202027,1626300,Courtney Kirkland,Tre Maddox,Ray Acosta,0022100452
1204,2882,1626300,Derek Richardson,Sean Wright,Ray Acosta,0022100453
200834,202049,1627963,Mark Lindsay,Ben Taylor,Phenizee Ransom,0022100454
1155,1179,203593,JB DeRosa,Rodney Mott,Justin Van Duyne,0022100455
200833,201638,1662,Eric Dalen,Brent Barnaky,Bill Kennedy,0022100456
2882,201245,1627529,Sean Wright,Marat Kogut,Suyash Mehta,0022100457
202026,202058,1627964,Karl Lane,James Williams,Jonathan Sterling,0022100458
202058,1627541,1627962,James Williams,Natalie Sago,Jacyn Goble,0022100459
202041,1626302,1628171,Kevin Scott,Aaron Smith,Brandon Schwab,0022100460
2003,202035,202037,Pat Fraher,Brett Nansel,J.T. Orr,0022100461
202049,202056,1830,Ben Taylor,CJ Washington,Marc Davis,0022100462
201639,202053,1627961,Josh Tiven,Scott Twardoski,Brandon Adair,0022100463
1148,201245,202053,James Capers,Marat Kogut,Scott Twardoski,0022100464
200832,201640,202007,Curtis Blair,Kane Fitzgerald,Nick Buchert,0022100465
1148,2005,203177,James Capers,Matt Boland,Lauren Holtkamp,0022100466
1179,201246,1627519,Rodney Mott,Kevin Cutler,John Conley,0022100467
2715,202026,1628951,Eric Lewis,Karl Lane,John Butler,0022100468
201639,202049,1627961,Josh Tiven,Ben Taylor,Brandon Adair,0022100469
2714,204058,1627962,David Guthrie,Gediminas Petraitis,Jacyn Goble,0022100470
1199,2005,1627529,Tom Washington,Matt Boland,Suyash Mehta,0022100471
1146,1193,1626302,Tony Brothers,Michael Smith,Aaron Smith,0022100472
2530,203591,1628172,Ed Malloy,Mitchell Ervin,Evan Scott,0022100473
1662,203592,1627963,Bill Kennedy,Dedric Taylor,Phenizee Ransom,0022100474
2003,202037,203593,Pat Fraher,J.T. Orr,Justin Van Duyne,0022100475
1151,203177,1627519,Sean Corbin,Lauren Holtkamp,John Conley,0022100476
201638,201640,1628171,Brent Barnaky,Kane Fitzgerald,Brandon Schwab,0022100477
1193,202058,1626302,Michael Smith,James Williams,Aaron Smith,0022100478
2715,204058,1627964,Eric Lewis,Gediminas Petraitis,Jonathan Sterling,0022100479
2882,1627541,1628487,Sean Wright,Natalie Sago,Danielle Scott,0022100480
101284,1626300,1627963,John Goble,Ray Acosta,Phenizee Ransom,0022100481
202026,202049,1628159,Karl Lane,Ben Taylor,Mousa Dagher,0022100482
1146,202037,1628951,Tony Brothers,J.T. Orr,John Butler,0022100483
1179,1204,202053,Rodney Mott,Derek Richardson,Scott Twardoski,0022100484
201245,201246,201639,Marat Kogut,Kevin Cutler,Josh Tiven,0022100485
1146,1204,1627963,Tony Brothers,Derek Richardson,Phenizee Ransom,0022100486
202027,202035,203593,Tre Maddox,Brett Nansel,Justin Van Duyne,0022100487
2530,200833,1627961,Ed Malloy,Eric Dalen,Brandon Adair,0022100488
101284,202007,1627541,John Goble,Nick Buchert,Natalie Sago,0022100489
2714,200832,1626300,David Guthrie,Curtis Blair,Ray Acosta,0022100490
1204,201246,1628159,Derek Richardson,Kevin Cutler,Mousa Dagher,0022100491
1146,203592,1628951,Tony Brothers,Dedric Taylor,John Butler,0022100492
202049,1626301,1628484,Ben Taylor,Jason Goldenberg,Dannica Mosher,0022100493
1151,201638,1628954,Sean Corbin,Brent Barnaky,Jenna Schroeder,0022100494
1199,202026,1628485,Tom Washington,Karl Lane,Jamahl Ralls,0022100495
1204,203054,204059,Derek Richardson,Cheryl Flores,Tyler Ford,0022100496
2002,2715,203177,Derrick Collins,Eric Lewis,Lauren Holtkamp,0022100497
2882,1628168,1146,Sean Wright,Jenna Reneau,Tony Brothers,0022100498
202007,202027,1627529,Nick Buchert,Tre Maddox,Suyash Mehta,0022100499
1662,200832,1628159,Bill Kennedy,Curtis Blair,Mousa Dagher,0022100500
201639,1627529,1627541,Josh Tiven,Suyash Mehta,Natalie Sago,0022100501
101284,202056,202901,John Goble,CJ Washington,Matt Myers,0022100502
2005,200834,201638,Matt Boland,Mark Lindsay,Brent Barnaky,0022100503
2882,202026,1629174,Sean Wright,Karl Lane,Blanca Burns,0022100504
2002,201246,1628951,Derrick Collins,Kevin Cutler,John Butler,0022100505
202053,203054,1626300,Scott Twardoski,Cheryl Flores,Ray Acosta,0022100506
2714,203592,1627964,David Guthrie,Dedric Taylor,Jonathan Sterling,0022100507
1151,202056,1627541,Sean Corbin,CJ Washington,Natalie Sago,0022100508
2530,203177,1628954,Ed Malloy,Lauren Holtkamp,Jenna Schroeder,0022100509
202027,202035,1628485,Tre Maddox,Brett Nansel,Jamahl Ralls,0022100510
2715,1627961,1629175,Eric Lewis,Brandon Adair,Brent Haskill,0022100511
2004,2005,202901,Courtney Kirkland,Matt Boland,Matt Myers,0022100512
202049,1626301,1628168,Ben Taylor,Jason Goldenberg,Jenna Reneau,0022100513
202007,202041,1628951,Nick Buchert,Kevin Scott,John Butler,0022100514
204059,1626300,1628159,Tyler Ford,Ray Acosta,Mousa Dagher,0022100515
1662,202053,1626301,Bill Kennedy,Scott Twardoski,Jason Goldenberg,0022100516
200834,201638,1628954,Mark Lindsay,Brent Barnaky,Jenna Schroeder,0022100517
201639,1627534,1628485,Josh Tiven,Andy Nagy,Jamahl Ralls,0022100518
2715,202035,202049,Eric Lewis,Brett Nansel,Ben Taylor,0022100519
101284,1627961,1629174,John Goble,Brandon Adair,Blanca Burns,0022100520
201246,202035,1627541,Kevin Cutler,Brett Nansel,Natalie Sago,0022100521
202041,203593,1628159,Kevin Scott,Justin Van Duyne,Mousa Dagher,0022100522
2714,202007,203054,David Guthrie,Nick Buchert,Cheryl Flores,0022100523
2002,1627964,1628484,Derrick Collins,Jonathan Sterling,Dannica Mosher,0022100524
2004,200834,1627529,Courtney Kirkland,Mark Lindsay,Suyash Mehta,0022100525
2530,202056,1629174,Ed Malloy,CJ Washington,Blanca Burns,0022100526
201246,202901,203177,Kevin Cutler,Matt Myers,Lauren Holtkamp,0022100527
2715,202035,1627962,Eric Lewis,Brett Nansel,Jacyn Goble,0022100528
1662,202053,1628482,Bill Kennedy,Scott Twardoski,Tyler Mirkovich,0022100529
201638,1627534,1627541,Brent Barnaky,Andy Nagy,Natalie Sago,0022100530
2714,202007,1629175,David Guthrie,Nick Buchert,Brent Haskill,0022100531
101284,203054,1627961,John Goble,Cheryl Flores,Brandon Adair,0022100532
2005,201639,1629422,Matt Boland,Josh Tiven,Clare Aubry,0022100533
202049,1626300,1627529,Ben Taylor,Ray Acosta,Suyash Mehta,0022100534
1151,1201,1628485,Sean Corbin,Leon Wood,Jamahl Ralls,0022100535
2715,202035,1629183,Eric Lewis,Brett Nansel,Pat O'Connell,0022100536
204059,1627964,1628484,Tyler Ford,Jonathan Sterling,Dannica Mosher,0022100537
2002,202041,1628168,Derrick Collins,Kevin Scott,Jenna Reneau,0022100538
200834,202053,203177,Mark Lindsay,Scott Twardoski,Lauren Holtkamp,0022100539
201246,1627541,1629178,Kevin Cutler,Natalie Sago,Sha'Rae Mitchell,0022100540
1363,2005,1626301,Bennie Adams,Matt Boland,Jason Goldenberg,0022100541
201639,1626300,1629174,Josh Tiven,Ray Acosta,Blanca Burns,0022100542
2004,202056,203054,Courtney Kirkland,CJ Washington,Cheryl Flores,0022100543
2002,1627964,1629175,Derrick Collins,Jonathan Sterling,Brent Haskill,0022100544
2882,202901,1627534,Sean Wright,Matt Myers,Andy Nagy,0022100545
204059,1628159,1629178,Tyler Ford,Mousa Dagher,Sha'Rae Mitchell,0022100546
1662,1627961,1628480,Bill Kennedy,Brandon Adair,Robert Hussey,0022100547
202035,202041,1627526,Brett Nansel,Kevin Scott,Matt Kallio,0022100548
1151,1627529,1628485,Sean Corbin,Suyash Mehta,Jamahl Ralls,0022100549
1201,201638,1628484,Leon Wood,Brent Barnaky,Dannica Mosher,0022100550
202007,202027,1628168,Nick Buchert,Tre Maddox,Jenna Reneau,0022100551
201246,1627534,1627961,Kevin Cutler,Andy Nagy,Brandon Adair,0022100552
201639,202901,1627539,Josh Tiven,Matt Myers,Tyler Ricks,0022100553
202049,1626300,1628480,Ben Taylor,Ray Acosta,Robert Hussey,0022100554
1830,1627964,1628484,Marc Davis,Jonathan Sterling,Dannica Mosher,0022100555
1363,2003,1629183,Bennie Adams,Pat Fraher,Pat O'Connell,0022100556
2004,203177,1629174,Courtney Kirkland,Lauren Holtkamp,Blanca Burns,0022100557
2530,1627541,1629175,Ed Malloy,Natalie Sago,Brent Haskill,0022100558
2534,202007,202053,Zach Zarba,Nick Buchert,Scott Twardoski,0022100559
1155,202041,1627526,JB DeRosa,Kevin Scott,Matt Kallio,0022100560
2002,203054,1627962,Derrick Collins,Cheryl Flores,Jacyn Goble,0022100561
204059,1626300,1628168,Tyler Ford,Ray Acosta,Jenna Reneau,0022100562
1662,1627964,1628159,Bill Kennedy,Jonathan Sterling,Mousa Dagher,0022100563
201639,1626301,1629178,Josh Tiven,Jason Goldenberg,Sha'Rae Mitchell,0022100564
1151,201245,1629174,Sean Corbin,Marat Kogut,Blanca Burns,0022100565
1155,101283,202056,JB DeRosa,Brian Forte,CJ Washington,0022100566
201640,1627961,1628485,Kane Fitzgerald,Brandon Adair,Jamahl Ralls,0022100567
1198,1626301,1629422,Scott Wall,Jason Goldenberg,Clare Aubry,0022100568
2882,1627529,1628159,Sean Wright,Suyash Mehta,Mousa Dagher,0022100569
1201,202049,1627539,Leon Wood,Ben Taylor,Tyler Ricks,0022100570
202058,203800,204059,James Williams,Isaac Barnett,Tyler Ford,0022100571
1830,201245,1628171,Marc Davis,Marat Kogut,Brandon Schwab,0022100572
2003,204058,1627534,Pat Fraher,Gediminas Petraitis,Andy Nagy,0022100573
2530,1629175,1199,Ed Malloy,Brent Haskill,Tom Washington,0022100574
2534,1627519,1627963,Zach Zarba,John Conley,Phenizee Ransom,0022100575
1204,1363,1627526,Derek Richardson,Bennie Adams,Matt Kallio,0022100576
202027,202056,1627962,Tre Maddox,CJ Washington,Jacyn Goble,0022100577
2002,2003,1628172,Derrick Collins,Pat Fraher,Evan Scott,0022100578
1830,203177,1628171,Marc Davis,Lauren Holtkamp,Brandon Schwab,0022100579
1155,201640,202901,JB DeRosa,Kane Fitzgerald,Matt Myers,0022100580
2534,101283,1627963,Zach Zarba,Brian Forte,Phenizee Ransom,0022100581
1193,1198,1626301,Michael Smith,Scott Wall,Jason Goldenberg,0022100582
1199,201245,202053,Tom Washington,Marat Kogut,Scott Twardoski,0022100583
2002,203591,1628485,Derrick Collins,Mitchell Ervin,Jamahl Ralls,0022100584
202007,202058,1627519,Nick Buchert,James Williams,John Conley,0022100585
1155,202049,202901,JB DeRosa,Ben Taylor,Matt Myers,0022100586
201639,1627534,1629422,Josh Tiven,Andy Nagy,Clare Aubry,0022100587
101283,1627529,1628954,Brian Forte,Suyash Mehta,Jenna Schroeder,0022100588
1363,2004,1626300,Bennie Adams,Courtney Kirkland,Ray Acosta,0022100589
2530,202056,1627962,Ed Malloy,CJ Washington,Jacyn Goble,0022100590
1201,1204,2882,Leon Wood,Derek Richardson,Sean Wright,0022100591
201640,203177,1629174,Kane Fitzgerald,Lauren Holtkamp,Blanca Burns,0022100592
202058,204058,1627519,James Williams,Gediminas Petraitis,John Conley,0022100593
201245,204059,1626301,Marat Kogut,Tyler Ford,Jason Goldenberg,0022100594
2003,1626302,1628168,Pat Fraher,Aaron Smith,Jenna Reneau,0022100595
1662,1626300,1628171,Bill Kennedy,Ray Acosta,Brandon Schwab,0022100596
2530,203593,1627541,Ed Malloy,Justin Van Duyne,Natalie Sago,0022100597
1193,2002,1627534,Michael Smith,Derrick Collins,Andy Nagy,0022100598
2534,203591,204058,Zach Zarba,Mitchell Ervin,Gediminas Petraitis,0022100599
1830,1627961,1628951,Marc Davis,Brandon Adair,John Butler,0022100600
101283,200833,1628954,Brian Forte,Eric Dalen,Jenna Schroeder,0022100601
1179,202007,202053,Rodney Mott,Nick Buchert,Scott Twardoski,0022100602
201639,202049,202056,Josh Tiven,Ben Taylor,CJ Washington,0022100603
1363,2882,1628171,Bennie Adams,Sean Wright,Brandon Schwab,0022100604
2004,1627963,1629183,Courtney Kirkland,Phenizee Ransom,Pat O'Connell,0022100605
1146,1627529,1627962,Tony Brothers,Suyash Mehta,Jacyn Goble,0022100606
202049,202053,1627519,Ben Taylor,Scott Twardoski,John Conley,0022100607
1155,1199,1628168,JB DeRosa,Tom Washington,Jenna Reneau,0022100608
202007,202058,203591,Nick Buchert,James Williams,Mitchell Ervin,0022100609
1198,202901,204059,Scott Wall,Matt Myers,Tyler Ford,0022100610
1662,1626300,1629178,Bill Kennedy,Ray Acosta,Sha'Rae Mitchell,0022100611
202026,204058,1628951,Karl Lane,Gediminas Petraitis,John Butler,0022100612
1179,1626302,1627519,Rodney Mott,Aaron Smith,John Conley,0022100613
2534,200832,1627541,Zach Zarba,Curtis Blair,Natalie Sago,0022100614
201638,1627529,1627961,Brent Barnaky,Suyash Mehta,Brandon Adair,0022100615
2004,202037,203593,Courtney Kirkland,J.T. Orr,Justin Van Duyne,0022100616
201246,204058,1628172,Kevin Cutler,Gediminas Petraitis,Evan Scott,0022100617
2530,203591,1628487,Ed Malloy,Mitchell Ervin,Danielle Scott,0022100618
2002,202007,1628485,Derrick Collins,Nick Buchert,Jamahl Ralls,0022100619
1830,1627539,1627962,Marc Davis,Tyler Ricks,Jacyn Goble,0022100620
1162,203592,1629174,Scott Foster,Dedric Taylor,Blanca Burns,0022100621
2714,200834,202053,David Guthrie,Mark Lindsay,Scott Twardoski,0022100622
2005,204059,1628171,Matt Boland,Tyler Ford,Brandon Schwab,0022100623
1146,200833,1627963,Tony Brothers,Eric Dalen,Phenizee Ransom,0022100624
202026,202058,1626301,Karl Lane,James Williams,Jason Goldenberg,0022100625
1204,2882,203593,Derek Richardson,Sean Wright,Justin Van Duyne,0022100626
101283,101284,1626302,Brian Forte,John Goble,Aaron Smith,0022100627
1155,1662,202056,JB DeRosa,Bill Kennedy,CJ Washington,0022100628
200832,1627961,1628954,Curtis Blair,Brandon Adair,Jenna Schroeder,0022100629
2002,2534,1628168,Derrick Collins,Zach Zarba,Jenna Reneau,0022100630
1148,1363,202027,James Capers,Bennie Adams,Tre Maddox,0022100631
1162,1627541,1628487,Scott Foster,Natalie Sago,Danielle Scott,0022100632
2530,1626301,1628484,Ed Malloy,Jason Goldenberg,Dannica Mosher,0022100633
1199,202037,1628951,Tom Washington,J.T. Orr,John Butler,0022100634
1830,200834,1626300,Marc Davis,Mark Lindsay,Ray Acosta,0022100635
1198,202049,1628172,Scott Wall,Ben Taylor,Evan Scott,0022100636
2005,2714,203591,Matt Boland,David Guthrie,Mitchell Ervin,0022100637
201638,202026,1628485,Brent Barnaky,Karl Lane,Jamahl Ralls,0022100638
1155,2004,204058,JB DeRosa,Courtney Kirkland,Gediminas Petraitis,0022100639
200833,201246,1627963,Eric Dalen,Kevin Cutler,Phenizee Ransom,0022100640
1363,204059,1627961,Bennie Adams,Tyler Ford,Brandon Adair,0022100641
1146,202901,1627541,Tony Brothers,Matt Myers,Natalie Sago,0022100642
202027,202035,202058,Tre Maddox,Brett Nansel,James Williams,0022100643
1662,1627539,1627962,Bill Kennedy,Tyler Ricks,Jacyn Goble,0022100644
200832,202049,1628171,Curtis Blair,Ben Taylor,Brandon Schwab,0022100645
1148,2005,1627526,James Capers,Matt Boland,Matt Kallio,0022100646
2002,200834,202037,Derrick Collins,Mark Lindsay,J.T. Orr,0022100647
1193,202026,1626302,Michael Smith,Karl Lane,Aaron Smith,0022100648
101284,202053,203592,John Goble,Scott Twardoski,Dedric Taylor,0022100649
2882,202056,203593,Sean Wright,CJ Washington,Justin Van Duyne,0022100650
2714,201638,1628159,David Guthrie,Brent Barnaky,Mousa Dagher,0022100651
1155,1162,1628484,JB DeRosa,Scott Foster,Dannica Mosher,0022100652
1199,1204,1628951,Tom Washington,Derek Richardson,John Butler,0022100653
202027,1626301,1628172,Tre Maddox,Jason Goldenberg,Evan Scott,0022100654
1830,202037,1627962,Marc Davis,J.T. Orr,Jacyn Goble,0022100655
1148,204059,1627963,James Capers,Tyler Ford,Phenizee Ransom,0022100656
2004,201245,202035,Courtney Kirkland,Marat Kogut,Brett Nansel,0022100657
201640,202049,202901,Kane Fitzgerald,Ben Taylor,Matt Myers,0022100658
101284,202053,203592,John Goble,Scott Twardoski,Dedric Taylor,0022100659
2882,200832,204058,Sean Wright,Curtis Blair,Gediminas Petraitis,0022100660
2534,1626300,1628480,Zach Zarba,Ray Acosta,Robert Hussey,0022100661
1662,200834,1627539,Bill Kennedy,Mark Lindsay,Tyler Ricks,0022100662
202058,203591,1627529,James Williams,Mitchell Ervin,Suyash Mehta,0022100663
200833,201246,202056,Eric Dalen,Kevin Cutler,CJ Washington,0022100664
1193,1198,2714,Michael Smith,Scott Wall,David Guthrie,0022100665
1363,2530,101283,Bennie Adams,Ed Malloy,Brian Forte,0022100666
1146,201638,202053,Tony Brothers,Brent Barnaky,Scott Twardoski,0022100667
202027,1626302,1628954,Tre Maddox,Aaron Smith,Jenna Schroeder,0022100668
202049,203591,1627964,Ben Taylor,Mitchell Ervin,Jonathan Sterling,0022100669
1662,2005,200834,Bill Kennedy,Matt Boland,Mark Lindsay,0022100670
200832,204059,1627541,Curtis Blair,Tyler Ford,Natalie Sago,0022100671
2004,200833,1628159,Courtney Kirkland,Eric Dalen,Mousa Dagher,0022100672
2534,202056,1627962,Zach Zarba,CJ Washington,Jacyn Goble,0022100673
1148,101283,202035,James Capers,Brian Forte,Brett Nansel,0022100674
1199,201245,1627534,Tom Washington,Marat Kogut,Andy Nagy,0022100675
1201,201640,203593,Leon Wood,Kane Fitzgerald,Justin Van Duyne,0022100676
2003,203592,1628171,Pat Fraher,Dedric Taylor,Brandon Schwab,0022100677
1155,202058,1627961,JB DeRosa,James Williams,Brandon Adair,0022100678
1193,1198,101284,Michael Smith,Scott Wall,John Goble,0022100679
1146,1204,201638,Tony Brothers,Derek Richardson,Brent Barnaky,0022100680
2882,203591,1626300,Sean Wright,Mitchell Ervin,Ray Acosta,0022100681
1830,2530,203593,Marc Davis,Ed Malloy,Justin Van Duyne,0022100682
2714,201246,1628171,David Guthrie,Kevin Cutler,Brandon Schwab,0022100683
2005,200834,202901,Matt Boland,Mark Lindsay,Matt Myers,0022100684
2004,201245,203177,Courtney Kirkland,Marat Kogut,Lauren Holtkamp,0022100685
2534,202037,204058,Zach Zarba,J.T. Orr,Gediminas Petraitis,0022100686
1201,201640,1626301,Leon Wood,Kane Fitzgerald,Jason Goldenberg,0022100687
1662,202035,1627962,Bill Kennedy,Brett Nansel,Jacyn Goble,0022100688
1162,200833,1626302,Scott Foster,Eric Dalen,Aaron Smith,0022100689
201639,1628951,203593,Josh Tiven,John Butler,Justin Van Duyne,0022100690
1146,202027,1628487,Tony Brothers,Tre Maddox,Danielle Scott,0022100691
1198,2003,202026,Scott Wall,Pat Fraher,Karl Lane,0022100692
1155,202058,1627961,JB DeRosa,James Williams,Brandon Adair,0022100693
1193,101284,1628172,Michael Smith,John Goble,Evan Scott,0022100694
1199,2530,202037,Tom Washington,Ed Malloy,J.T. Orr,0022100695
2534,200833,1628951,Zach Zarba,Eric Dalen,John Butler,0022100696
1148,1155,1627961,James Capers,JB DeRosa,Brandon Adair,0022100697
2005,201639,1628487,Matt Boland,Josh Tiven,Danielle Scott,0022100698
2714,201245,202901,David Guthrie,Marat Kogut,Matt Myers,0022100699
202058,203592,1627963,James Williams,Dedric Taylor,Phenizee Ransom,0022100700
1201,204059,1626302,Leon Wood,Tyler Ford,Aaron Smith,0022100701
101283,201638,202056,Brian Forte,Brent Barnaky,CJ Washington,0022100702
2882,204058,1627962,Sean Wright,Gediminas Petraitis,Jacyn Goble,0022100703
202049,1626300,1628171,Ben Taylor,Ray Acosta,Brandon Schwab,0022100704
1146,1193,202053,Tony Brothers,Michael Smith,Scott Twardoski,0022100705
200832,201246,1626301,Curtis Blair,Kevin Cutler,Jason Goldenberg,0022100706
1204,2715,1627534,Derek Richardson,Eric Lewis,Andy Nagy,0022100707
1363,2003,202026,Bennie Adams,Pat Fraher,Karl Lane,0022100708
1198,200832,203593,Scott Wall,Curtis Blair,Justin Van Duyne,0022100709
1199,201639,1627961,Tom Washington,Josh Tiven,Brandon Adair,0022100710
1830,200833,1628954,Marc Davis,Eric Dalen,Jenna Schroeder,0022100711
101284,203177,204059,John Goble,Lauren Holtkamp,Tyler Ford,0022100712
1155,201640,1627964,JB DeRosa,Kane Fitzgerald,Jonathan Sterling,0022100713
1201,201638,1628159,Leon Wood,Brent Barnaky,Mousa Dagher,0022100714
201246,203592,1628487,Kevin Cutler,Dedric Taylor,Danielle Scott,0022100715
2882,1626300,1627541,Sean Wright,Ray Acosta,Natalie Sago,0022100716
1148,101283,202056,James Capers,Brian Forte,CJ Washington,0022100717
1199,2005,2714,Tom Washington,Matt Boland,David Guthrie,0022100718
2003,202053,204058,Pat Fraher,Scott Twardoski,Gediminas Petraitis,0022100719
2715,202027,1627964,Eric Lewis,Tre Maddox,Jonathan Sterling,0022100720
1155,202026,1627526,JB DeRosa,Karl Lane,Matt Kallio,0022100721
201638,202049,1628954,Brent Barnaky,Ben Taylor,Jenna Schroeder,0022100722
2714,201245,1628159,David Guthrie,Marat Kogut,Mousa Dagher,0022100723
200834,203593,1627541,Mark Lindsay,Justin Van Duyne,Natalie Sago,0022100724
203177,204059,1628172,Lauren Holtkamp,Tyler Ford,Evan Scott,0022100725
200832,202901,203591,Curtis Blair,Matt Myers,Mitchell Ervin,0022100726
101284,204058,1627529,John Goble,Gediminas Petraitis,Suyash Mehta,0022100727
1363,1830,200832,Bennie Adams,Marc Davis,Curtis Blair,0022100728
201638,1627541,1627963,Brent Barnaky,Natalie Sago,Phenizee Ransom,0022100729
1204,1830,1627529,Derek Richardson,Marc Davis,Suyash Mehta,0022100730
2715,1626301,1627962,Eric Lewis,Jason Goldenberg,Jacyn Goble,0022100731
201640,202037,203591,Kane Fitzgerald,J.T. Orr,Mitchell Ervin,0022100732
1148,1201,201246,James Capers,Leon Wood,Kevin Cutler,0022100733
2002,202035,202058,Derrick Collins,Brett Nansel,James Williams,0022100734
1146,1363,204059,Tony Brothers,Bennie Adams,Tyler Ford,0022100735
202041,1627964,1628951,Kevin Scott,Jonathan Sterling,John Butler,0022100736
1198,1199,201639,Scott Wall,Tom Washington,Josh Tiven,0022100737
2714,202026,202901,David Guthrie,Karl Lane,Matt Myers,0022100738
2005,202049,1628172,Matt Boland,Ben Taylor,Evan Scott,0022100739
2003,203592,1627529,Pat Fraher,Dedric Taylor,Suyash Mehta,0022100740
200834,202037,1626301,Mark Lindsay,J.T. Orr,Jason Goldenberg,0022100741
200832,1627962,1628159,Curtis Blair,Jacyn Goble,Mousa Dagher,0022100742
202027,202053,203591,Tre Maddox,Scott Twardoski,Mitchell Ervin,0022100743
1193,2715,201245,Michael Smith,Eric Lewis,Marat Kogut,0022100744
201246,1627534,1627541,Kevin Cutler,Andy Nagy,Natalie Sago,0022100745
1155,200832,1626300,JB DeRosa,Curtis Blair,Ray Acosta,0022100746
1148,1204,1626302,James Capers,Derek Richardson,Aaron Smith,0022100747
2005,202041,1627964,Matt Boland,Kevin Scott,Jonathan Sterling,0022100748
2002,101284,1628172,Derrick Collins,John Goble,Evan Scott,0022100749
101283,201640,203593,Brian Forte,Kane Fitzgerald,Justin Van Duyne,0022100750
1146,202026,1628951,Tony Brothers,Karl Lane,John Butler,0022100751
1199,201639,1628954,Tom Washington,Josh Tiven,Jenna Schroeder,0022100752
2714,203592,1628480,David Guthrie,Dedric Taylor,Robert Hussey,0022100753
2003,202007,1628171,Pat Fraher,Nick Buchert,Brandon Schwab,0022100754
1363,202049,1626300,Bennie Adams,Ben Taylor,Ray Acosta,0022100755
1830,200834,202037,Marc Davis,Mark Lindsay,J.T. Orr,0022100756
204059,1626301,1627963,Tyler Ford,Jason Goldenberg,Phenizee Ransom,0022100757
1201,101283,202058,Leon Wood,Brian Forte,James Williams,0022100758
1830,202026,1627524,Marc Davis,Karl Lane,Nate Green,0022100759
1155,2003,202007,JB DeRosa,Pat Fraher,Nick Buchert,0022100760
2005,2715,201638,Matt Boland,Eric Lewis,Brent Barnaky,0022100761
2882,201245,1626302,Sean Wright,Marat Kogut,Aaron Smith,0022100762
1146,202027,204058,Tony Brothers,Tre Maddox,Gediminas Petraitis,0022100763
202041,1627534,1627962,Kevin Scott,Andy Nagy,Jacyn Goble,0022100764
1204,201246,202035,Derek Richardson,Kevin Cutler,Brett Nansel,0022100765
201639,202037,202053,Josh Tiven,J.T. Orr,Scott Twardoski,0022100766
101284,202901,203591,John Goble,Matt Myers,Mitchell Ervin,0022100767
2005,202058,1627964,Matt Boland,James Williams,Jonathan Sterling,0022100768
1148,201638,203177,James Capers,Brent Barnaky,Lauren Holtkamp,0022100769
1155,101283,1628487,JB DeRosa,Brian Forte,Danielle Scott,0022100770
1199,200834,1628159,Tom Washington,Mark Lindsay,Mousa Dagher,0022100771
200832,203592,1627541,Curtis Blair,Dedric Taylor,Natalie Sago,0022100772
1146,1198,1627534,Tony Brothers,Scott Wall,Andy Nagy,0022100773
1830,202026,1627524,Marc Davis,Karl Lane,Nate Green,0022100774
2715,203591,1627963,Eric Lewis,Mitchell Ervin,Phenizee Ransom,0022100775
2882,202037,204059,Sean Wright,J.T. Orr,Tyler Ford,0022100776
2004,202035,1626300,Courtney Kirkland,Brett Nansel,Ray Acosta,0022100777
202007,202049,1627964,Nick Buchert,Ben Taylor,Jonathan Sterling,0022100778
2714,200833,203593,David Guthrie,Eric Dalen,Justin Van Duyne,0022100779
1662,1627962,1628951,Bill Kennedy,Jacyn Goble,John Butler,0022100780
1201,200832,1626301,Leon Wood,Curtis Blair,Jason Goldenberg,0022100781
1830,201245,1627534,Marc Davis,Marat Kogut,Andy Nagy,0022100782
2530,101283,1627524,Ed Malloy,Brian Forte,Nate Green,0022100783
1363,201640,204058,Bennie Adams,Kane Fitzgerald,Gediminas Petraitis,0022100784
2714,203592,1626301,David Guthrie,Dedric Taylor,Jason Goldenberg,0022100785
2534,1626302,1627962,Zach Zarba,Aaron Smith,Jacyn Goble,0022100786
2005,101283,201245,Matt Boland,Brian Forte,Marat Kogut,0022100787
1148,1198,201638,James Capers,Scott Wall,Brent Barnaky,0022100788
101284,204058,204059,John Goble,Gediminas Petraitis,Tyler Ford,0022100789
1155,2003,200834,JB DeRosa,Pat Fraher,Mark Lindsay,0022100790
2004,202049,1627541,Courtney Kirkland,Ben Taylor,Natalie Sago,0022100791
2882,201246,1627964,Sean Wright,Kevin Cutler,Jonathan Sterling,0022100792
1204,2534,1626300,Derek Richardson,Zach Zarba,Ray Acosta,0022100793
1201,200832,1628951,Leon Wood,Curtis Blair,John Butler,0022100794
1162,200833,202037,Scott Foster,Eric Dalen,J.T. Orr,0022100795
201640,203591,1627961,Kane Fitzgerald,Mitchell Ervin,Brandon Adair,0022100796
2530,202007,1628171,Ed Malloy,Nick Buchert,Brandon Schwab,0022100797
1146,1199,202053,Tony Brothers,Tom Washington,Scott Twardoski,0022100798
2714,203592,203593,David Guthrie,Dedric Taylor,Justin Van Duyne,0022100799
1662,1626302,1627962,Bill Kennedy,Aaron Smith,Jacyn Goble,0022100800
1363,201639,203177,Bennie Adams,Josh Tiven,Lauren Holtkamp,0022100801
2005,200832,201245,Matt Boland,Curtis Blair,Marat Kogut,0022100802
2534,200833,202901,Zach Zarba,Eric Dalen,Matt Myers,0022100803
202041,204058,204059,Kevin Scott,Gediminas Petraitis,Tyler Ford,0022100804
2003,200834,1626301,Pat Fraher,Mark Lindsay,Jason Goldenberg,0022100805
1830,202007,1628171,Marc Davis,Nick Buchert,Brandon Schwab,0022100806
101284,201246,201638,John Goble,Kevin Cutler,Brent Barnaky,0022100807
101283,1627964,1628487,Brian Forte,Jonathan Sterling,Danielle Scott,0022100808
1162,202035,1626300,Scott Foster,Brett Nansel,Ray Acosta,0022100809
1830,203593,1627961,Marc Davis,Justin Van Duyne,Brandon Adair,0022100810
1204,2715,203591,Derek Richardson,Eric Lewis,Mitchell Ervin,0022100811
1201,2714,1628172,Leon Wood,David Guthrie,Evan Scott,0022100812
2530,1627541,1628487,Ed Malloy,Natalie Sago,Danielle Scott,0022100813
201639,203177,1626302,Josh Tiven,Lauren Holtkamp,Aaron Smith,0022100814
101284,200833,1627961,John Goble,Eric Dalen,Brandon Adair,0022100815
2534,203591,203593,Zach Zarba,Mitchell Ervin,Justin Van Duyne,0022100816
1155,2003,1627534,JB DeRosa,Pat Fraher,Andy Nagy,0022100817
1662,202049,202901,Bill Kennedy,Ben Taylor,Matt Myers,0022100818
200834,202007,1627963,Mark Lindsay,Nick Buchert,Phenizee Ransom,0022100819
101283,1626301,1627962,Brian Forte,Jason Goldenberg,Jacyn Goble,0022100820
1148,201246,1627964,James Capers,Kevin Cutler,Jonathan Sterling,0022100821
201639,202053,204058,Josh Tiven,Scott Twardoski,Gediminas Petraitis,0022100822
204059,1626300,1627524,Tyler Ford,Ray Acosta,Nate Green,0022100823
201638,202035,202041,Brent Barnaky,Brett Nansel,Kevin Scott,0022100824
2530,1626302,1627541,Ed Malloy,Aaron Smith,Natalie Sago,0022100825
1193,1204,2004,Michael Smith,Derek Richardson,Courtney Kirkland,0022100826
202026,203592,1628172,Karl Lane,Dedric Taylor,Evan Scott,0022100827
2002,201640,1627964,Derrick Collins,Kane Fitzgerald,Jonathan Sterling,0022100828
201638,202035,202041,Brent Barnaky,Brett Nansel,Kevin Scott,0022100829
202037,204059,1628487,J.T. Orr,Tyler Ford,Danielle Scott,0022100830
1162,1627541,1628171,Scott Foster,Natalie Sago,Brandon Schwab,0022100831
200834,202049,1627529,Mark Lindsay,Ben Taylor,Suyash Mehta,0022100832
1830,1626301,1627962,Marc Davis,Jason Goldenberg,Jacyn Goble,0022100833
1662,202901,204058,Bill Kennedy,Matt Myers,Gediminas Petraitis,0022100834
202058,203177,1628159,James Williams,Lauren Holtkamp,Mousa Dagher,0022100835
1148,2002,201245,James Capers,Derrick Collins,Marat Kogut,0022100836
2715,202053,1627524,Eric Lewis,Scott Twardoski,Nate Green,0022100837
1201,202007,202026,Leon Wood,Nick Buchert,Karl Lane,0022100838
202049,203592,1627529,Ben Taylor,Dedric Taylor,Suyash Mehta,0022100839
1193,2004,1627963,Michael Smith,Courtney Kirkland,Phenizee Ransom,0022100840
101283,200832,1628951,Brian Forte,Curtis Blair,John Butler,0022100841
1204,2534,1626300,Derek Richardson,Zach Zarba,Ray Acosta,0022100842
1155,200833,201640,JB DeRosa,Eric Dalen,Kane Fitzgerald,0022100843
201638,202041,1627534,Brent Barnaky,Kevin Scott,Andy Nagy,0022100844
2002,2530,1628159,Derrick Collins,Ed Malloy,Mousa Dagher,0022100845
202058,204058,1627964,James Williams,Gediminas Petraitis,Jonathan Sterling,0022100846
201639,1626300,1626301,Josh Tiven,Ray Acosta,Jason Goldenberg,0022100847
1662,203177,1628171,Bill Kennedy,Lauren Holtkamp,Brandon Schwab,0022100848
1155,1162,203593,JB DeRosa,Scott Foster,Justin Van Duyne,0022100849
2534,200833,202035,Zach Zarba,Eric Dalen,Brett Nansel,0022100850
101283,101284,1626302,Brian Forte,John Goble,Aaron Smith,0022100851
2003,202007,1628954,Pat Fraher,Nick Buchert,Jenna Schroeder,0022100852
200832,201246,202053,Curtis Blair,Kevin Cutler,Scott Twardoski,0022100853
1148,201245,202041,James Capers,Marat Kogut,Kevin Scott,0022100854
2005,2715,203591,Matt Boland,Eric Lewis,Mitchell Ervin,0022100855
201640,202026,1627961,Kane Fitzgerald,Karl Lane,Brandon Adair,0022100856
1201,1204,1830,Leon Wood,Derek Richardson,Marc Davis,0022100857
202058,203592,1626302,James Williams,Dedric Taylor,Aaron Smith,0022100858
1193,2004,1628172,Michael Smith,Courtney Kirkland,Evan Scott,0022100859
101284,202049,1627963,John Goble,Ben Taylor,Phenizee Ransom,0022100860
1162,202035,203177,Scott Foster,Brett Nansel,Lauren Holtkamp,0022100861
2534,200833,1627529,Zach Zarba,Eric Dalen,Suyash Mehta,0022100862
2002,201639,1628951,Derrick Collins,Josh Tiven,John Butler,0022100863
2003,200834,1628487,Pat Fraher,Mark Lindsay,Danielle Scott,0022100864
2715,201246,1628954,Eric Lewis,Kevin Cutler,Jenna Schroeder,0022100865
2005,2530,203591,Matt Boland,Ed Malloy,Mitchell Ervin,0022100866
1201,202041,1627963,Leon Wood,Kevin Scott,Phenizee Ransom,0022100867
201639,202007,202901,Josh Tiven,Nick Buchert,Matt Myers,0022100868
2714,101283,204058,David Guthrie,Brian Forte,Gediminas Petraitis,0022100869
200832,202026,202053,Curtis Blair,Karl Lane,Scott Twardoski,0022100870
1148,201638,1627534,James Capers,Brent Barnaky,Andy Nagy,0022100871
1155,1198,204059,JB DeRosa,Scott Wall,Tyler Ford,0022100872
2003,202027,203593,Pat Fraher,Tre Maddox,Justin Van Duyne,0022100873
2004,202007,1627529,Courtney Kirkland,Nick Buchert,Suyash Mehta,0022100874
1199,101284,1628172,Tom Washington,John Goble,Evan Scott,0022100875
2534,202035,1627961,Zach Zarba,Brett Nansel,Brandon Adair,0022100876
1162,1627541,1627962,Scott Foster,Natalie Sago,Jacyn Goble,0022100877
1830,201638,1627964,Marc Davis,Brent Barnaky,Jonathan Sterling,0022100878
202041,203592,1626301,Kevin Scott,Dedric Taylor,Jason Goldenberg,0022100879
1146,2002,1628954,Tony Brothers,Derrick Collins,Jenna Schroeder,0022100880
2715,200833,1628159,Eric Lewis,Eric Dalen,Mousa Dagher,0022100881
200834,202037,1628487,Mark Lindsay,J.T. Orr,Danielle Scott,0022100882
1662,201246,203593,Bill Kennedy,Kevin Cutler,Justin Van Duyne,0022100883
2005,2530,203591,Matt Boland,Ed Malloy,Mitchell Ervin,0022100884
1155,2882,1626300,JB DeRosa,Sean Wright,Ray Acosta,0022100885
1193,2003,1627534,Michael Smith,Pat Fraher,Andy Nagy,0022100886
1146,1198,202049,Tony Brothers,Scott Wall,Ben Taylor,0022100887
1204,1363,200834,Derek Richardson,Bennie Adams,Mark Lindsay,0022100888
1155,1662,1628159,JB DeRosa,Bill Kennedy,Mousa Dagher,0022100889
2714,200834,1626302,David Guthrie,Mark Lindsay,Aaron Smith,0022100890
1830,2004,1627534,Marc Davis,Courtney Kirkland,Andy Nagy,0022100891
1193,2003,1627964,Michael Smith,Pat Fraher,Jonathan Sterling,0022100892
1179,1363,2002,Rodney Mott,Bennie Adams,Derrick Collins,0022100893
1146,202027,202037,Tony Brothers,Tre Maddox,J.T. Orr,0022100894
1162,1201,202049,Scott Foster,Leon Wood,Ben Taylor,0022100895
200833,201640,1627541,Eric Dalen,Kane Fitzgerald,Natalie Sago,0022100896
202058,203591,1628159,James Williams,Mitchell Ervin,Mousa Dagher,0022100897
200832,203592,1628487,Curtis Blair,Dedric Taylor,Danielle Scott,0022100898
1155,204059,1627524,JB DeRosa,Tyler Ford,Nate Green,0022100899
2715,202026,204058,Eric Lewis,Karl Lane,Gediminas Petraitis,0022100900
2530,1626300,1627962,Ed Malloy,Ray Acosta,Jacyn Goble,0022100901
1204,2882,202049,Derek Richardson,Sean Wright,Ben Taylor,0022100902
1199,101284,1627961,Tom Washington,John Goble,Brandon Adair,0022100903
2534,101283,202007,Zach Zarba,Brian Forte,Nick Buchert,0022100904
1179,1193,1627529,Rodney Mott,Michael Smith,Suyash Mehta,0022100905
1662,2002,1628951,Bill Kennedy,Derrick Collins,John Butler,0022100906
2004,203591,1628172,Courtney Kirkland,Mitchell Ervin,Evan Scott,0022100907
1198,2003,1626301,Scott Wall,Pat Fraher,Jason Goldenberg,0022100908
2005,2714,202027,Matt Boland,David Guthrie,Tre Maddox,0022100909
1830,203177,204059,Marc Davis,Lauren Holtkamp,Tyler Ford,0022100910
1146,1363,202037,Tony Brothers,Bennie Adams,J.T. Orr,0022100911
200834,201245,202058,Mark Lindsay,Marat Kogut,James Williams,0022100912
2534,101283,202007,Zach Zarba,Brian Forte,Nick Buchert,0022100913
1155,201640,1626300,JB DeRosa,Kane Fitzgerald,Ray Acosta,0022100914
2715,203592,203593,Eric Lewis,Dedric Taylor,Justin Van Duyne,0022100915
2530,202053,1627962,Ed Malloy,Scott Twardoski,Jacyn Goble,0022100916
1162,1201,202049,Scott Foster,Leon Wood,Ben Taylor,0022100917
1204,2882,202035,Derek Richardson,Sean Wright,Brett Nansel,0022100918
1199,101284,1627961,Tom Washington,John Goble,Brandon Adair,0022100919
1146,200833,204058,Tony Brothers,Eric Dalen,Gediminas Petraitis,0022100920
1198,1830,1627541,Scott Wall,Marc Davis,Natalie Sago,0022100921
1662,2002,203177,Bill Kennedy,Derrick Collins,Lauren Holtkamp,0022100922
1179,202026,1626302,Rodney Mott,Karl Lane,Aaron Smith,0022100923
2004,202027,202037,Courtney Kirkland,Tre Maddox,J.T. Orr,0022100924
2714,1627962,1628951,David Guthrie,Jacyn Goble,John Butler,0022100925
2003,1626300,1627964,Pat Fraher,Ray Acosta,Jonathan Sterling,0022100926
2715,200832,202053,Eric Lewis,Curtis Blair,Scott Twardoski,0022100927
1146,1155,1626301,Tony Brothers,JB DeRosa,Jason Goldenberg,0022100928
101284,1627961,1627963,John Goble,Brandon Adair,Phenizee Ransom,0022100929
2534,202007,203593,Zach Zarba,Nick Buchert,Justin Van Duyne,0022100930
2882,202035,204059,Sean Wright,Brett Nansel,Tyler Ford,0022100931
1198,202058,1627541,Scott Wall,James Williams,Natalie Sago,0022100932
1662,2002,203177,Bill Kennedy,Derrick Collins,Lauren Holtkamp,0022100933
1148,101283,202037,James Capers,Brian Forte,J.T. Orr,0022100934
1204,202027,1628171,Derek Richardson,Tre Maddox,Brandon Schwab,0022100935
1162,1201,200834,Scott Foster,Leon Wood,Mark Lindsay,0022100936
2530,202026,1628487,Ed Malloy,Karl Lane,Danielle Scott,0022100937
2004,2005,203592,Courtney Kirkland,Matt Boland,Dedric Taylor,0022100938
201640,204059,1626302,Kane Fitzgerald,Tyler Ford,Aaron Smith,0022100939
2003,101283,1628172,Pat Fraher,Brian Forte,Evan Scott,0022100940
2715,202037,202049,Eric Lewis,J.T. Orr,Ben Taylor,0022100941
1830,1627519,1627962,Marc Davis,John Conley,Jacyn Goble,0022100942
1146,200833,1628159,Tony Brothers,Eric Dalen,Mousa Dagher,0022100943
2882,203591,203593,Sean Wright,Mitchell Ervin,Justin Van Duyne,0022100944
2005,2714,201246,Matt Boland,David Guthrie,Kevin Cutler,0022100945
1204,2530,201245,Derek Richardson,Ed Malloy,Marat Kogut,0022100946
2715,201638,1627962,Eric Lewis,Brent Barnaky,Jacyn Goble,0022100947
1148,1201,202007,James Capers,Leon Wood,Nick Buchert,0022100948
1155,2534,1626301,JB DeRosa,Zach Zarba,Jason Goldenberg,0022100949
1198,1662,1628159,Scott Wall,Bill Kennedy,Mousa Dagher,0022100950
101284,1627524,1627541,John Goble,Nate Green,Natalie Sago,0022100951
201640,204059,1626302,Kane Fitzgerald,Tyler Ford,Aaron Smith,0022100952
2714,203592,204058,David Guthrie,Dedric Taylor,Gediminas Petraitis,0022100953
2002,2005,200832,Derrick Collins,Matt Boland,Curtis Blair,0022100954
1363,201638,202049,Bennie Adams,Brent Barnaky,Ben Taylor,0022100955
1193,2004,202053,Michael Smith,Courtney Kirkland,Scott Twardoski,0022100956
1199,200833,1628171,Tom Washington,Eric Dalen,Brandon Schwab,0022100957
1830,203591,1627519,Marc Davis,Mitchell Ervin,John Conley,0022100958
200834,201639,1626300,Mark Lindsay,Josh Tiven,Ray Acosta,0022100959
2534,201246,202007,Zach Zarba,Kevin Cutler,Nick Buchert,0022100960
2530,2882,1627541,Ed Malloy,Sean Wright,Natalie Sago,0022100961
101284,202049,1627961,John Goble,Ben Taylor,Brandon Adair,0022100962
1146,101283,1627529,Tony Brothers,Brian Forte,Suyash Mehta,0022100963
1830,203592,1626301,Marc Davis,Dedric Taylor,Jason Goldenberg,0022100964
2003,203177,204059,Pat Fraher,Lauren Holtkamp,Tyler Ford,0022100965
201640,202027,203593,Kane Fitzgerald,Tre Maddox,Justin Van Duyne,0022100966
1155,2714,204058,JB DeRosa,David Guthrie,Gediminas Petraitis,0022100967
2882,203591,1627534,Sean Wright,Mitchell Ervin,Andy Nagy,0022100968
1162,200833,1627964,Scott Foster,Eric Dalen,Jonathan Sterling,0022100969
1363,200832,202026,Bennie Adams,Curtis Blair,Karl Lane,0022100970
1662,2002,1628171,Bill Kennedy,Derrick Collins,Brandon Schwab,0022100971
1148,1193,1626302,James Capers,Michael Smith,Aaron Smith,0022100972
1198,2004,202053,Scott Wall,Courtney Kirkland,Scott Twardoski,0022100973
200834,201639,1626300,Mark Lindsay,Josh Tiven,Ray Acosta,0022100974
1162,203177,1627963,Scott Foster,Lauren Holtkamp,Phenizee Ransom,0022100975
2534,202007,204058,Zach Zarba,Nick Buchert,Gediminas Petraitis,0022100976
1151,101284,1628951,Sean Corbin,John Goble,John Butler,0022100977
201640,1627541,1628954,Kane Fitzgerald,Natalie Sago,Jenna Schroeder,0022100978
1155,1201,202027,JB DeRosa,Leon Wood,Tre Maddox,0022100979
201638,202037,202058,Brent Barnaky,J.T. Orr,James Williams,0022100980
1830,204059,1626302,Marc Davis,Tyler Ford,Aaron Smith,0022100981
1198,2003,202901,Scott Wall,Pat Fraher,Matt Myers,0022100982
2005,2534,201246,Matt Boland,Zach Zarba,Kevin Cutler,0022100983
2714,101283,202035,David Guthrie,Brian Forte,Brett Nansel,0022100984
1193,202049,1628951,Michael Smith,Ben Taylor,John Butler,0022100985
1204,2882,1627964,Derek Richardson,Sean Wright,Jonathan Sterling,0022100986
1363,2002,2004,Bennie Adams,Derrick Collins,Courtney Kirkland,0022100987
1199,1662,1626301,Tom Washington,Bill Kennedy,Jason Goldenberg,0022100988
2530,201245,203592,Ed Malloy,Marat Kogut,Dedric Taylor,0022100989
2715,1626300,1627962,Eric Lewis,Ray Acosta,Jacyn Goble,0022100990
201638,202058,1628172,Brent Barnaky,James Williams,Evan Scott,0022100991
200834,201639,1628487,Mark Lindsay,Josh Tiven,Danielle Scott,0022100992
101284,202027,1627961,John Goble,Tre Maddox,Brandon Adair,0022100993
1148,202026,202053,James Capers,Karl Lane,Scott Twardoski,0022100994
2530,101283,1627524,Ed Malloy,Brian Forte,Nate Green,0022100995
201246,204059,1626301,Kevin Cutler,Tyler Ford,Jason Goldenberg,0022100996
2882,203593,1628951,Sean Wright,Justin Van Duyne,John Butler,0022100997
1146,203592,1627541,Tony Brothers,Dedric Taylor,Natalie Sago,0022100998
1179,203177,1628954,Rodney Mott,Lauren Holtkamp,Jenna Schroeder,0022100999
1155,2004,1627529,JB DeRosa,Courtney Kirkland,Suyash Mehta,0022101000
202049,202901,203591,Ben Taylor,Matt Myers,Mitchell Ervin,0022101001
2714,202007,204058,David Guthrie,Nick Buchert,Gediminas Petraitis,0022101002
1201,2715,201638,Leon Wood,Eric Lewis,Brent Barnaky,0022101003
202058,1627962,1628172,James Williams,Jacyn Goble,Evan Scott,0022101004
1198,1199,201245,Scott Wall,Tom Washington,Marat Kogut,0022101005
2882,202053,1627961,Sean Wright,Scott Twardoski,Brandon Adair,0022101006
2005,2714,202037,Matt Boland,David Guthrie,J.T. Orr,0022101007
2002,2534,1626302,Derrick Collins,Zach Zarba,Aaron Smith,0022101008
1193,2003,1627963,Michael Smith,Pat Fraher,Phenizee Ransom,0022101009
1148,200833,1628159,James Capers,Eric Dalen,Mousa Dagher,0022101010
1662,202026,1627534,Bill Kennedy,Karl Lane,Andy Nagy,0022101011
2530,201639,203593,Ed Malloy,Josh Tiven,Justin Van Duyne,0022101012
2004,202056,204058,Courtney Kirkland,CJ Washington,Gediminas Petraitis,0022101013
101284,200834,1626300,John Goble,Mark Lindsay,Ray Acosta,0022101014
1179,201246,1627519,Rodney Mott,Kevin Cutler,John Conley,0022101015
1162,203592,1627541,Scott Foster,Dedric Taylor,Natalie Sago,0022101016
202007,204059,1628171,Nick Buchert,Tyler Ford,Brandon Schwab,0022101017
201638,202058,1628172,Brent Barnaky,James Williams,Evan Scott,0022101018
1146,1204,200833,Tony Brothers,Derek Richardson,Eric Dalen,0022101019
201639,202035,203591,Josh Tiven,Brett Nansel,Mitchell Ervin,0022101020
201640,203177,1628159,Kane Fitzgerald,Lauren Holtkamp,Mousa Dagher,0022101021
1155,2005,2715,JB DeRosa,Matt Boland,Eric Lewis,0022101022
1662,202037,1627963,Bill Kennedy,J.T. Orr,Phenizee Ransom,0022101023
202027,202049,1628487,Tre Maddox,Ben Taylor,Danielle Scott,0022101024
1199,1201,2003,Tom Washington,Leon Wood,Pat Fraher,0022101025
2534,202026,1626302,Zach Zarba,Karl Lane,Aaron Smith,0022101026
1146,1193,1198,Tony Brothers,Michael Smith,Scott Wall,0022101027
1148,2002,1627534,James Capers,Derrick Collins,Andy Nagy,0022101028
2882,200833,203593,Sean Wright,Eric Dalen,Justin Van Duyne,0022101029
201638,201640,1626300,Brent Barnaky,Kane Fitzgerald,Ray Acosta,0022101030
204059,1627962,1628159,Tyler Ford,Jacyn Goble,Mousa Dagher,0022101031
2714,203592,1626301,David Guthrie,Dedric Taylor,Jason Goldenberg,0022101032
2715,1627962,1627964,Eric Lewis,Jacyn Goble,Jonathan Sterling,0022101033
200834,202058,203593,Mark Lindsay,James Williams,Justin Van Duyne,0022101034
1204,201639,1628951,Derek Richardson,Josh Tiven,John Butler,0022101035
1162,203591,1627961,Scott Foster,Mitchell Ervin,Brandon Adair,0022101036
1179,202035,202049,Rodney Mott,Brett Nansel,Ben Taylor,0022101037
1198,1662,202037,Scott Wall,Bill Kennedy,J.T. Orr,0022101038
1193,101284,1626302,Michael Smith,John Goble,Aaron Smith,0022101039
1146,202056,204058,Tony Brothers,CJ Washington,Gediminas Petraitis,0022101040
2002,2530,201245,Derrick Collins,Ed Malloy,Marat Kogut,0022101041
1148,202026,203177,James Capers,Karl Lane,Lauren Holtkamp,0022101042
1199,2003,1627534,Tom Washington,Pat Fraher,Andy Nagy,0022101043
2534,202007,1627541,Zach Zarba,Nick Buchert,Natalie Sago,0022101044
1155,1830,1628954,JB DeRosa,Marc Davis,Jenna Schroeder,0022101045
1204,201640,202049,Derek Richardson,Kane Fitzgerald,Ben Taylor,0022101046
1198,2714,1627529,Scott Wall,David Guthrie,Suyash Mehta,0022101047
202058,1627962,1628953,James Williams,Jacyn Goble,Ashley Moyer-Gleich,0022101048
1162,1193,1201,Scott Foster,Michael Smith,Leon Wood,0022101049
2715,200833,1627963,Eric Lewis,Eric Dalen,Phenizee Ransom,0022101050
2004,200834,202901,Courtney Kirkland,Mark Lindsay,Matt Myers,0022101051
1155,1830,1628951,JB DeRosa,Marc Davis,John Butler,0022101052
2003,1626300,1627964,Pat Fraher,Ray Acosta,Jonathan Sterling,0022101053
1363,1662,201246,Bennie Adams,Bill Kennedy,Kevin Cutler,0022101054
101284,202027,203177,John Goble,Tre Maddox,Lauren Holtkamp,0022101055
1179,1199,202007,Rodney Mott,Tom Washington,Nick Buchert,0022101056
2530,201245,1627541,Ed Malloy,Marat Kogut,Natalie Sago,0022101057
201639,203592,1627961,Josh Tiven,Dedric Taylor,Brandon Adair,0022101058
202026,202058,1627529,Karl Lane,James Williams,Suyash Mehta,0022101059
2534,201638,1627524,Zach Zarba,Brent Barnaky,Nate Green,0022101060
200832,203591,204058,Curtis Blair,Mitchell Ervin,Gediminas Petraitis,0022101061
201246,201640,1628171,Kevin Cutler,Kane Fitzgerald,Brandon Schwab,0022101062
1146,2002,202056,Tony Brothers,Derrick Collins,CJ Washington,0022101063
1204,2882,202035,Derek Richardson,Sean Wright,Brett Nansel,0022101064
1148,1193,1363,James Capers,Michael Smith,Bennie Adams,0022101065
101284,202027,203177,John Goble,Tre Maddox,Lauren Holtkamp,0022101066
1162,204059,1626302,Scott Foster,Tyler Ford,Aaron Smith,0022101067
1662,202007,202037,Bill Kennedy,Nick Buchert,J.T. Orr,0022101068
1201,2714,200832,Leon Wood,David Guthrie,Curtis Blair,0022101069
2530,201245,1627541,Ed Malloy,Marat Kogut,Natalie Sago,0022101070
2003,203592,1627961,Pat Fraher,Dedric Taylor,Brandon Adair,0022101071
1198,1199,202058,Scott Wall,Tom Washington,James Williams,0022101072
201638,204059,1627964,Brent Barnaky,Tyler Ford,Jonathan Sterling,0022101073
2534,201246,202053,Zach Zarba,Kevin Cutler,Scott Twardoski,0022101074
1830,200834,204058,Marc Davis,Mark Lindsay,Gediminas Petraitis,0022101075
201639,202049,1628171,Josh Tiven,Ben Taylor,Brandon Schwab,0022101076
202026,203593,1627529,Karl Lane,Justin Van Duyne,Suyash Mehta,0022101077
1179,101283,1626301,Rodney Mott,Brian Forte,Jason Goldenberg,0022101078
2002,2882,1626300,Derrick Collins,Sean Wright,Ray Acosta,0022101079
1146,1204,1627962,Tony Brothers,Derek Richardson,Jacyn Goble,0022101080
1155,1201,201640,JB DeRosa,Leon Wood,Kane Fitzgerald,0022101081
101284,200832,202037,John Goble,Curtis Blair,J.T. Orr,0022101082
2530,101283,1627541,Ed Malloy,Brian Forte,Natalie Sago,0022101083
1198,1830,1627519,Scott Wall,Marc Davis,John Conley,0022101084
1199,2715,1626302,Tom Washington,Eric Lewis,Aaron Smith,0022101085
1179,203592,1628159,Rodney Mott,Dedric Taylor,Mousa Dagher,0022101086
1363,2534,201246,Bennie Adams,Zach Zarba,Kevin Cutler,0022101087
2714,202056,203591,David Guthrie,CJ Washington,Mitchell Ervin,0022101088
1148,202053,204059,James Capers,Scott Twardoski,Tyler Ford,0022101089
201245,202026,202058,Marat Kogut,Karl Lane,James Williams,0022101090
2003,204058,1628171,Pat Fraher,Gediminas Petraitis,Brandon Schwab,0022101091
202007,202027,1627524,Nick Buchert,Tre Maddox,Nate Green,0022101092
2882,201638,1626300,Sean Wright,Brent Barnaky,Ray Acosta,0022101093
200833,201639,1628951,Eric Dalen,Josh Tiven,John Butler,0022101094
1146,1193,202037,Tony Brothers,Michael Smith,J.T. Orr,0022101095
1201,202049,1626301,Leon Wood,Ben Taylor,Jason Goldenberg,0022101096
1204,201640,203177,Derek Richardson,Kane Fitzgerald,Lauren Holtkamp,0022101097
1662,1627524,1627541,Bill Kennedy,Nate Green,Natalie Sago,0022101098
2002,2004,203593,Derrick Collins,Courtney Kirkland,Justin Van Duyne,0022101099
1148,200832,202053,James Capers,Curtis Blair,Scott Twardoski,0022101100
1146,202037,1628172,Tony Brothers,J.T. Orr,Evan Scott,0022101101
1363,1830,204059,Bennie Adams,Marc Davis,Tyler Ford,0022101102
1179,203592,1627963,Rodney Mott,Dedric Taylor,Phenizee Ransom,0022101103
1162,200834,1627534,Scott Foster,Mark Lindsay,Andy Nagy,0022101104
2882,201638,1626300,Sean Wright,Brent Barnaky,Ray Acosta,0022101105
1155,200833,201639,JB DeRosa,Eric Dalen,Josh Tiven,0022101106
202041,202056,203591,Kevin Scott,CJ Washington,Mitchell Ervin,0022101107
1198,101284,1626302,Scott Wall,John Goble,Aaron Smith,0022101108
1199,2534,203177,Tom Washington,Zach Zarba,Lauren Holtkamp,0022101109
1830,1627962,1628954,Marc Davis,Jacyn Goble,Jenna Schroeder,0022101110
1193,1662,2005,Michael Smith,Bill Kennedy,Matt Boland,0022101111
2715,202026,1627519,Eric Lewis,Karl Lane,John Conley,0022101112
201246,202035,202058,Kevin Cutler,Brett Nansel,James Williams,0022101113
1155,2004,1628487,JB DeRosa,Courtney Kirkland,Danielle Scott,0022101114
200832,1627529,1627961,Curtis Blair,Suyash Mehta,Brandon Adair,0022101115
202049,204058,1627964,Ben Taylor,Gediminas Petraitis,Jonathan Sterling,0022101116
1179,202007,1628953,Rodney Mott,Nick Buchert,Ashley Moyer-Gleich,0022101117
1162,202027,1626301,Scott Foster,Tre Maddox,Jason Goldenberg,0022101118
1146,200833,1627534,Tony Brothers,Eric Dalen,Andy Nagy,0022101119
2003,101283,203593,Pat Fraher,Brian Forte,Justin Van Duyne,0022101120
201640,202037,204059,Kane Fitzgerald,J.T. Orr,Tyler Ford,0022101121
1662,200834,203177,Bill Kennedy,Mark Lindsay,Lauren Holtkamp,0022101122
202007,202049,202056,Nick Buchert,Ben Taylor,CJ Washington,0022101123
1198,2530,1627519,Scott Wall,Ed Malloy,John Conley,0022101124
201638,202041,1626300,Brent Barnaky,Kevin Scott,Ray Acosta,0022101125
2003,101283,1628159,Pat Fraher,Brian Forte,Mousa Dagher,0022101126
2714,203591,1628172,David Guthrie,Mitchell Ervin,Evan Scott,0022101127
202058,1626302,1627541,James Williams,Aaron Smith,Natalie Sago,0022101128
1155,2004,202035,JB DeRosa,Courtney Kirkland,Brett Nansel,0022101129
1201,1204,2715,Leon Wood,Derek Richardson,Eric Lewis,0022101130
1148,203591,1627961,James Capers,Mitchell Ervin,Brandon Adair,0022101131
1193,101284,1627963,Michael Smith,John Goble,Phenizee Ransom,0022101132
2714,201245,202027,David Guthrie,Marat Kogut,Tre Maddox,0022101133
1830,203592,1627541,Marc Davis,Dedric Taylor,Natalie Sago,0022101134
1162,1626301,1627962,Scott Foster,Jason Goldenberg,Jacyn Goble,0022101135
200833,201639,202035,Eric Dalen,Josh Tiven,Brett Nansel,0022101136
1146,101283,1627964,Tony Brothers,Brian Forte,Jonathan Sterling,0022101137
1199,2005,2882,Tom Washington,Matt Boland,Sean Wright,0022101138
2530,201640,203593,Ed Malloy,Kane Fitzgerald,Justin Van Duyne,0022101139
2534,201246,1628951,Zach Zarba,Kevin Cutler,John Butler,0022101140
1155,1662,1626302,JB DeRosa,Bill Kennedy,Aaron Smith,0022101141
200832,200834,1628159,Curtis Blair,Mark Lindsay,Mousa Dagher,0022101142
202049,202901,204058,Ben Taylor,Matt Myers,Gediminas Petraitis,0022101143
1198,202007,202041,Scott Wall,Nick Buchert,Kevin Scott,0022101144
1201,2715,1627962,Leon Wood,Eric Lewis,Jacyn Goble,0022101145
1179,202026,1628954,Rodney Mott,Karl Lane,Jenna Schroeder,0022101146
201639,203177,1628487,Josh Tiven,Lauren Holtkamp,Danielle Scott,0022101147
1204,101284,201638,Derek Richardson,John Goble,Brent Barnaky,0022101148
202058,203592,204058,James Williams,Dedric Taylor,Gediminas Petraitis,0022101149
2715,202026,1628172,Eric Lewis,Karl Lane,Evan Scott,0022101150
200832,1627524,1627961,Curtis Blair,Nate Green,Brandon Adair,0022101151
1146,203593,1626301,Tony Brothers,Justin Van Duyne,Jason Goldenberg,0022101152
1662,200833,202035,Bill Kennedy,Eric Dalen,Brett Nansel,0022101153
1193,201245,204059,Michael Smith,Marat Kogut,Tyler Ford,0022101154
1199,2534,1627541,Tom Washington,Zach Zarba,Natalie Sago,0022101155
1363,2002,2882,Bennie Adams,Derrick Collins,Sean Wright,0022101156
202007,202041,202053,Nick Buchert,Kevin Scott,Scott Twardoski,0022101157
202049,202901,203591,Ben Taylor,Matt Myers,Mitchell Ervin,0022101158
1148,1627962,1628159,James Capers,Jacyn Goble,Mousa Dagher,0022101159
1201,2003,202037,Leon Wood,Pat Fraher,J.T. Orr,0022101160
201640,204058,1627963,Kane Fitzgerald,Gediminas Petraitis,Phenizee Ransom,0022101161
1179,203177,1628953,Rodney Mott,Lauren Holtkamp,Ashley Moyer-Gleich,0022101162
202026,202041,1627961,Karl Lane,Kevin Scott,Brandon Adair,0022101163
1155,201639,202056,JB DeRosa,Josh Tiven,CJ Washington,0022101164
2005,202027,202037,Matt Boland,Tre Maddox,J.T. Orr,0022101165
1198,202058,1627524,Scott Wall,James Williams,Nate Green,0022101166
2534,1626302,1627962,Zach Zarba,Aaron Smith,Jacyn Goble,0022101167
2530,202053,203591,Ed Malloy,Scott Twardoski,Mitchell Ervin,0022101168
1204,200832,201638,Derek Richardson,Curtis Blair,Brent Barnaky,0022101169
2882,202026,1628951,Sean Wright,Karl Lane,John Butler,0022101170
202007,204059,1626300,Nick Buchert,Tyler Ford,Ray Acosta,0022101171
1199,1363,201246,Tom Washington,Bennie Adams,Kevin Cutler,0022101172
101283,201639,1628171,Brian Forte,Josh Tiven,Brandon Schwab,0022101173
1148,1155,202035,James Capers,JB DeRosa,Brett Nansel,0022101174
2004,200833,1626301,Courtney Kirkland,Eric Dalen,Jason Goldenberg,0022101175
2002,2003,1628172,Derrick Collins,Pat Fraher,Evan Scott,0022101176
1193,2005,200834,Michael Smith,Matt Boland,Mark Lindsay,0022101177
2715,201245,204059,Eric Lewis,Marat Kogut,Tyler Ford,0022101178
1363,200833,201639,Bennie Adams,Eric Dalen,Josh Tiven,0022101179
1199,202901,1627541,Tom Washington,Matt Myers,Natalie Sago,0022101180
1198,202026,202058,Scott Wall,Karl Lane,James Williams,0022101181
1179,101283,1628487,Rodney Mott,Brian Forte,Danielle Scott,0022101182
1148,202041,1627964,James Capers,Kevin Scott,Jonathan Sterling,0022101183
1662,201246,202037,Bill Kennedy,Kevin Cutler,J.T. Orr,0022101184
101284,1627534,1627961,John Goble,Andy Nagy,Brandon Adair,0022101185
1146,1204,202027,Tony Brothers,Derek Richardson,Tre Maddox,0022101186
1193,2530,202053,Michael Smith,Ed Malloy,Scott Twardoski,0022101187
1201,200834,203593,Leon Wood,Mark Lindsay,Justin Van Duyne,0022101188
2002,2714,204058,Derrick Collins,David Guthrie,Gediminas Petraitis,0022101189
2004,101283,1628954,Courtney Kirkland,Brian Forte,Jenna Schroeder,0022101190
2882,200832,1626301,Sean Wright,Curtis Blair,Jason Goldenberg,0022101191
2003,2005,201638,Pat Fraher,Matt Boland,Brent Barnaky,0022101192
2715,203591,1626302,Eric Lewis,Mitchell Ervin,Aaron Smith,0022101193
1146,200834,204058,Tony Brothers,Mark Lindsay,Gediminas Petraitis,0022101194
201640,203177,203592,Kane Fitzgerald,Lauren Holtkamp,Dedric Taylor,0022101195
1179,201638,1628171,Rodney Mott,Brent Barnaky,Brandon Schwab,0022101196
202007,202058,202901,Nick Buchert,James Williams,Matt Myers,0022101197
2714,201246,1626300,David Guthrie,Kevin Cutler,Ray Acosta,0022101198
1830,1627962,1627963,Marc Davis,Jacyn Goble,Phenizee Ransom,0022101199
2003,201245,202027,Pat Fraher,Marat Kogut,Tre Maddox,0022101200
2002,2534,202037,Derrick Collins,Zach Zarba,J.T. Orr,0022101201
1193,201640,1627961,Michael Smith,Kane Fitzgerald,Brandon Adair,0022101202
2530,2882,1627524,Ed Malloy,Sean Wright,Nate Green,0022101203
101283,204058,1627534,Brian Forte,Gediminas Petraitis,Andy Nagy,0022101204
1198,2715,202049,Scott Wall,Eric Lewis,Ben Taylor,0022101205
2004,202026,1626301,Courtney Kirkland,Karl Lane,Jason Goldenberg,0022101206
101284,204059,1626302,John Goble,Tyler Ford,Aaron Smith,0022101207
200834,201639,1627541,Mark Lindsay,Josh Tiven,Natalie Sago,0022101208
1146,1199,1201,Tony Brothers,Tom Washington,Leon Wood,0022101209
2534,203591,203593,Zach Zarba,Mitchell Ervin,Justin Van Duyne,0022101210
1662,203177,203592,Bill Kennedy,Lauren Holtkamp,Dedric Taylor,0022101211
202027,202037,1627961,Tre Maddox,J.T. Orr,Brandon Adair,0022101212
200833,201640,1627964,Eric Dalen,Kane Fitzgerald,Jonathan Sterling,0022101213
200832,1627962,1628953,Curtis Blair,Jacyn Goble,Ashley Moyer-Gleich,0022101214
1148,1155,1627529,James Capers,JB DeRosa,Suyash Mehta,0022101215
1830,202026,1627524,Marc Davis,Karl Lane,Nate Green,0022101216
2715,202007,1626302,Eric Lewis,Nick Buchert,Aaron Smith,0022101217
1162,200834,204058,Scott Foster,Mark Lindsay,Gediminas Petraitis,0022101218
202058,204059,1627534,James Williams,Tyler Ford,Andy Nagy,0022101219
201639,203591,203593,Josh Tiven,Mitchell Ervin,Justin Van Duyne,0022101220
1146,1201,202056,Tony Brothers,Leon Wood,CJ Washington,0022101221
1363,2534,201246,Bennie Adams,Zach Zarba,Kevin Cutler,0022101222
2530,2882,201245,Ed Malloy,Sean Wright,Marat Kogut,0022101223
1193,2714,1626300,Michael Smith,David Guthrie,Ray Acosta,0022101224
1199,2004,202053,Tom Washington,Courtney Kirkland,Scott Twardoski,0022101225
2005,101284,201638,Matt Boland,John Goble,Brent Barnaky,0022101226
2002,200832,1626301,Derrick Collins,Curtis Blair,Jason Goldenberg,0022101227
2003,1627541,1628172,Pat Fraher,Natalie Sago,Evan Scott,0022101228
1179,1204,202035,Rodney Mott,Derek Richardson,Brett Nansel,0022101229
1662,203177,203592,Bill Kennedy,Lauren Holtkamp,Dedric Taylor,0022101230
